Barcode,All_Keratinocyte
AAACCGTTCGTCCAGG-1,
AAACTGCTGGCTCCAA-1,
AAAGGCTACGGACCAT-1,top_section
AAAGGCTCTCGCGCCG-1,
AAATACCTATAAGCAT-1,
AAATAGGGTGCTATTG-1,bottom_section
AAATCGTGTACCACAA-1,
AACAATACATTGTCGA-1,top_section
AACATTGTGACTCGAG-1,
AACCCGACAACCCGTG-1,
AACCTTTAAATACGGT-1,bottom_section
AACGATAATGCCGTAG-1,bottom_section
AACGGCCATCTCCGGT-1,top_section
AACGTACTGTGGGTAC-1,top_section
AACTAGGCTTGGGTGT-1,
AACTCTCAGTGTGCTC-1,
AAGACCCAACTGAACA-1,top_section
AAGATGGCACCGGACC-1,top_section
AAGCATACTCTCCTGA-1,bottom_section
AAGCGTCCCTCATCGA-1,top_section
AAGCTAGATCGAGTAA-1,
AAGCTCTTTCATGGTG-1,bottom_section
AAGTGAGTCGGGTTTA-1,top_section
AAGTGTTTGGAGACGG-1,bottom_section
AATAACACTAGAACAA-1,top_section
AATAGAACAGAGTGGC-1,
AATAGTCCGTCCCGAC-1,
AATGACGTAGGATGTC-1,bottom_section
AATTAAAGGTCGGCGT-1,top_section
AATTAACGGATTTCCA-1,
AATTAGCGCTGCAGCG-1,
AATTCTAGAGTTAGGC-1,
ACAAATCGCACCGAAT-1,bottom_section
ACAAGGAAATCCGCCC-1,bottom_section
ACAAGGGCAGGCTCTG-1,bottom_section
ACACTGATCAAGGTGT-1,
ACAGGTGGAGGTGAGG-1,top_section
ACATCCCGGCCATACG-1,
ACATCGATCGTTTACC-1,
ACATTAGTTTATATCC-1,
ACCAACGCTTATTTAT-1,
ACCAATATGCAAGTTA-1,bottom_section
ACCACGTGCAGCTATA-1,bottom_section
ACCATCGTATATGGTA-1,top_section
ACCCGGAAACTCCCAG-1,
ACCCGGTTACACTTCC-1,top_section
ACCCGTGTCATCAGTA-1,
ACCCTATGCCATATCG-1,top_section
ACCGACACATCTCCCA-1,
ACCGCAATAACTGCCT-1,bottom_section
ACCGTGACCACGTGGG-1,top_section
ACGCAAACTAATAGAT-1,top_section
ACGCCGCTAGACGACC-1,
ACGCGAAGTCAGACGA-1,
ACGGATGGTGCGGATA-1,bottom_section
ACGGCACTTGCTTGGG-1,
ACGGCCAACATGGACT-1,
ACGGCGACGATGGGAA-1,bottom_section
ACGTTAATGTCGAAGA-1,
ACGTTCGTTCAGGAAA-1,top_section
ACTACGCGTTAGAATT-1,top_section
ACTATTTCCGGGCCCA-1,top_section
ACTCCCTAATGCTAAA-1,
ACTCCCTAGAATAGTA-1,bottom_section
ACTTCAGGCTGATCCC-1,bottom_section
ACTTGACTCCCTCTTT-1,
AGAAGGTTGCCGAATT-1,top_section
AGACCCACCGCTGATC-1,
AGACGACGATGCCGCT-1,
AGACTGTTACCGGGTC-1,top_section
AGAGAAGGAGTACAAT-1,
AGCACTACCTCACCAG-1,bottom_section
AGCAGCCAGATGAATA-1,
AGCCCGGTAGCCTGTA-1,top_section
AGCGACAGGAACGGTC-1,top_section
AGCGCATAATGAATCG-1,
AGCGGACACTTCGTAG-1,
AGCGTGGTATTCTACT-1,
AGCTCTTTACTCAGTT-1,top_section
AGGAAGCTGTCCGCCG-1,
AGGACGACCCATTAGA-1,top_section
AGGATAAAGTCGGGAT-1,
AGGCAGGGAGCGTACT-1,
AGGCTTCCCGAAGAAG-1,top_section
AGGGACTCTACGCGAC-1,
AGGTGGTGACCTTCGC-1,
AGGTTTCACACACCTT-1,
AGTATACACAGCGACA-1,top_section
AGTATTTGGCACGACC-1,
AGTCAACACCACCATC-1,top_section
AGTGACCTACTTTACG-1,
AGTGATATGAGTAGTT-1,top_section
AGTGCGTAGCTCGTAA-1,top_section
AGTTAAACACTTGCGA-1,top_section
AGTTCCTATTTATGTT-1,
ATAAACGGACCCGTAA-1,
ATAAGGTGGAGAACAT-1,bottom_section
ATAAGTTACCGCGACG-1,
ATAATAGCTGTTGAAT-1,
ATACAGGCCCTCCAAT-1,
ATACCTAACCAAGAAA-1,
ATACGTACTTAGCCAC-1,bottom_section
ATAGTGAAGCGTTCTC-1,
ATATAAAGCGCTCGTG-1,
ATATAAATGTAGCTGC-1,bottom_section
ATATTCAGTTAAACCT-1,top_section
ATATTCCACATAGTGA-1,bottom_section
ATCACGTGCTAATTAA-1,top_section
ATCAGACGGCACGCCG-1,top_section
ATCATCCAATATTTGT-1,
ATCCAGAGCAACAACC-1,
ATCCAGGATTCGTGAA-1,top_section
ATCCTACCTAAGCTCT-1,top_section
ATCCTGCGTGGAATGG-1,top_section
ATCGACCCAATACAGA-1,
ATCGGAGACAGACGGC-1,bottom_section
ATCTAATATCCTACGG-1,
ATCTGACATGGAAGGA-1,top_section
ATGACTATCAGCTGTG-1,top_section
ATGATGCAATGGTACA-1,top_section
ATGTGGACATCTTGAT-1,
ATGTTGTAGTCTGTTT-1,
ATTAAACATGCGGACC-1,
ATTATTATGTCCGTCA-1,top_section
ATTCACTGATGTTGGA-1,
ATTCATATACTGTCCA-1,
ATTTCCGGGTTCTGCG-1,top_section
CAAACGAGTATCGCAG-1,top_section
CAAATGTCCTTCCGTG-1,
CAACTGCTCATCCGAT-1,top_section
CAAGAGGGCGGAGTAC-1,bottom_section
CAAGCGGCACATAATT-1,
CAAGGATCGCATGTTC-1,
CAATATTCTTGACCTA-1,
CAATGCGAGAAGTATC-1,bottom_section
CACAATGAGCTGCTAT-1,top_section
CACAGGGCCGTTGTCA-1,
CACATATTAGCAGGAT-1,bottom_section
CACATCGTGCACGCGC-1,top_section
CACCCGGTTTGTGACT-1,top_section
CACCCTAACAAGATCT-1,bottom_section
CACCGTTAGGGATCAC-1,top_section
CACGTCGGCAACCTCT-1,top_section
CACTCCTATGTAAGAT-1,top_section
CACTCGAGCTGAACAA-1,bottom_section
CACTGACGATTGTGGA-1,
CAGAACTTAGCCCTCT-1,
CAGACACCGATCGCTG-1,
CAGACGAACCTGATAC-1,
CAGAGACGGTCACCCA-1,
CAGAGGCGATGCATGA-1,
CAGCGATTCCCTTCAA-1,
CAGGATATATCGTTGT-1,
CAGGCGCCATGCTAGG-1,bottom_section
CAGTCTGTATACTGGG-1,
CATACACGGTTCCCAC-1,
CATACGGCGTCTGGGC-1,
CATAGCGTTGCCCACC-1,
CATATAGGTACAGTCA-1,
CATCGGACGGGTTAAT-1,
CATGGGTATGCCTTAT-1,bottom_section
CATGGTAAGTAGCGTT-1,bottom_section
CATTTGAGTGGTACGT-1,
CCAAGAAAGTGGGCGA-1,
CCACCAACTTTACTGT-1,top_section
CCAGAAAGCAACTCAT-1,top_section
CCAGTCTTGTCATAGA-1,
CCATCGCAGTTAAACT-1,
CCATTTCTACCTATTA-1,
CCCAATGAGATTTGCA-1,top_section
CCCGCAGCGCGAACTA-1,
CCCGTAGCTGGGAAGA-1,top_section
CCCTTTGACAGGTCTT-1,
CCGAACCTTCCCGGCC-1,bottom_section
CCGCATGTGGTACGAT-1,
CCGCGGAATGCGTCAC-1,
CCGCTATCAGCACCAG-1,
CCGGAGCGTACTTTCT-1,top_section
CCGGTTTGTAATTGTG-1,top_section
CCGTGTTAAATTCCAT-1,top_section
CCTAAATTAACGGTTC-1,
CCTATAATGAGTGCCC-1,bottom_section
CCTATACCGTCCTGTC-1,
CCTATATTTGTCCTGG-1,top_section
CCTCGCGCTGTGCGAT-1,
CCTCTGTACTATTCTA-1,
CCTGACCACCGATGGT-1,
CCTGGTCGAATGTGGG-1,
CCTTCAGTTAAAGTGA-1,top_section
CCTTTAAGGGAGCACT-1,top_section
CGAACCCGCATGCGTC-1,
CGAATGACGCATAATG-1,
CGAGACCCTAGAGTGT-1,
CGATACCTCGCGGACA-1,top_section
CGATTAAATATCTCCT-1,
CGATTCGCCTGGCTGC-1,bottom_section
CGCATGGTGCGATGCT-1,
CGCCCAGCACGCCTAG-1,
CGCCTCCCTCCTCTAT-1,
CGCGCATGTTTGATTG-1,
CGCTGTGTGGATGTTG-1,top_section
CGGAAAGAATCAAACG-1,top_section
CGGAACGTAAACATAG-1,top_section
CGGAGCAATTTAATCG-1,
CGGAGCATGGCGATCC-1,
CGGCAAACATCGTGCG-1,
CGGGAATTTATGTAAA-1,
CGGGCCTTCTTTGTAA-1,
CGGTCCGTCGCAAGCC-1,top_section
CGGTGCGCGTTGGTCC-1,top_section
CGTCACGTCCATTGGT-1,
CGTCGTCCTTCGCGAA-1,bottom_section
CGTGAAGTTAATTCAC-1,
CGTGACCAGTCCTCTG-1,
CGTGCAGACTGGGACA-1,
CGTGCCCTCCCGAAGA-1,
CGTGGTACCCAAAGGC-1,
CGTTGAGCGACCGTCG-1,bottom_section
CGTTGCCCGCGTGGGA-1,top_section
CGTTTGTGTAGAGGGT-1,
CTAAAGGGAAATAGGA-1,
CTAACTGGTCCGGTTC-1,top_section
CTAAGGGAATGATTGG-1,
CTACAAGAAATAACCC-1,top_section
CTACTCAAGGTATAGT-1,top_section
CTAGATTTACGACGGC-1,
CTAGGTTCGGACGTGA-1,
CTAGTTACAACCCGGT-1,
CTATAGGCGTTGATGT-1,top_section
CTATGCCCGAATGCAA-1,
CTATTCATGTGTCCCA-1,
CTCAAACCACTGCCCG-1,top_section
CTCCGCCCACATGAGG-1,top_section
CTCCTCCAGCTCACAC-1,top_section
CTCGCCGAATGTAGGG-1,
CTCTATTTGGCTGCAG-1,
CTCTTCTGGAAGTTAG-1,top_section
CTCTTGTCCCGCTTGG-1,
CTGAATCCGAGACCTC-1,
CTGCACAACTACATAT-1,bottom_section
CTGCACTCCAGTACAG-1,bottom_section
CTGCCATGCATCACAT-1,
CTGCTGAGGCCACGAA-1,top_section
CTGCTTGGCGATAGCT-1,bottom_section
CTGGATTTACACTTGA-1,
CTGGCTGGTTGTCAGT-1,
CTGTAGCCATCTCACT-1,top_section
CTGTGCAGGGTAGGTC-1,
CTGTTACCCAATCTAG-1,
CTTCCGCTCCGTGAAG-1,top_section
CTTCGTAGATAGGTGA-1,top_section
CTTCTATTAATGCTAG-1,
CTTGCCCAGGCTCTAC-1,
CTTGGCCAAGCTGGGA-1,
CTTGTCAACATTCGAG-1,
CTTTAATATTGGTCGA-1,bottom_section
CTTTAGTGCTATTATT-1,
CTTTCTGTGCGGGCTT-1,bottom_section
CTTTGGGATTGTTGCA-1,top_section
GAAACCGAATTACCTT-1,
GAAACCTATACAAATG-1,top_section
GAAAGCAGTGCACTTT-1,
GAAATTGTCTCTATAA-1,
GAACAGATTACTAAAT-1,bottom_section
GAACCCTCTGTGTTCT-1,
GAAGCCTGCACATTCC-1,
GAAGTCAGTTGCACTA-1,
GAAGTGATTTATCGTG-1,top_section
GAATAGTGCTCGATTA-1,top_section
GAATCTGAACATTCTC-1,
GAATTCACCCGGGTGT-1,
GACACTGAGTTCAGTG-1,top_section
GACATCGATTTATAAC-1,
GACCGTGCTGACGGTG-1,
GACGACGATCCGCGTT-1,
GACGCCGTAAAGGCTA-1,
GACGGGTTGGCCCGTA-1,top_section
GACTGCACCAGCCCAG-1,bottom_section
GAGACTTCGCGACCGA-1,
GAGATCTTCCATGACA-1,bottom_section
GAGATGGGAGTCGACA-1,bottom_section
GAGGGAGTCAGATCGC-1,top_section
GAGTAGATACTAGTTG-1,
GAGTATGCCCGCCTTG-1,
GAGTCAGACCAGAATC-1,top_section
GAGTCCGCTTACCGGA-1,
GATACGATGGGAGTCA-1,top_section
GATAGGTAACGTTGAC-1,
GATCCGGGAATTAACA-1,
GATCGTGACTGATATC-1,
GATCTGCTATCTAAGG-1,
GATCTTGGAGGGCATA-1,
GATGCTGTATTTCATC-1,bottom_section
GATGTTCAATCCACGA-1,top_section
GATTCGACGGTTCACG-1,
GCAAACCTTGGCCATA-1,
GCACGCCTACTTAGAT-1,top_section
GCCACAATTTAAGGAC-1,top_section
GCCATCGAGCTGCGTG-1,
GCCCGATCTGTGGTCG-1,
GCCCGCGCGTAAACGG-1,top_section
GCCGATTGGCCAAGCT-1,
GCCGGGTTAGGGTCGC-1,
GCCTCTATACATAGCA-1,bottom_section
GCGACGATAGTTGTAC-1,
GCGCCGTTCCACGATA-1,
GCGCTATGCCGAGGCA-1,top_section
GCGGACCGCGTTGTGG-1,
GCGGAGAAACTTCGCA-1,
GCGGAGAGGGAGAACG-1,bottom_section
GCGGGCGAGCCTTACC-1,
GCGGTTCCCTATCATG-1,top_section
GCGTCCCTAAGACATA-1,top_section
GCGTCGCCAGGGTGAT-1,bottom_section
GCTACGACTTATTGGG-1,
GCTAGCTTGAATAGCT-1,
GCTAGGCACCACGGAG-1,bottom_section
GCTAGTAGAGCTTGTA-1,
GCTATCATACTCATGG-1,bottom_section
GCTCAATCCGTTTATT-1,top_section
GCTCAATGTAATACCG-1,
GCTCTTTCCGCTAGTG-1,
GCTGAGGCGTGAGTAT-1,
GCTGCACGGTTTCTTA-1,
GCTGCTAAGTAGTCGA-1,
GCTGCTACTGCGTAGC-1,bottom_section
GCTGGCGGCGCATGCT-1,bottom_section
GCTGTATTACTGGCCC-1,top_section
GGAACCGTGTAAATTG-1,top_section
GGACCAACAGGATAAC-1,bottom_section
GGAGACGACACCTTTG-1,
GGCAAAGGCGCCAATA-1,
GGCAAATTACTTTACT-1,
GGCAAGGCGAAATAGC-1,
GGCCGTTTGGGTTTCA-1,top_section
GGCGCATGAATTGATG-1,
GGCGCGTTCGAGTTTA-1,
GGCTACTATACACTCC-1,top_section
GGCTCCTCCACCTGTT-1,
GGCTGAAATAGCAAAG-1,bottom_section
GGCTTTCAATAAGGGT-1,
GGGACCCGTATATCTT-1,top_section
GGGATGGTCGTAACCG-1,top_section
GGGCAGAGCAATCGTT-1,
GGGCCCGTCTTAAACA-1,
GGGCGGCAAATGAATT-1,
GGGCGTCACCACGTAA-1,
GGGCTATGATCGATGG-1,top_section
GGGTGACACCTTAACT-1,
GGGTTAACATTTGAGT-1,
GGTACAAACATGCTAT-1,
GGTAGAAGACCGCCTG-1,bottom_section
GGTAGACCGTTGGGCG-1,
GGTCAGTGGGTCCCAC-1,
GGTCGGTCGTCCACAG-1,top_section
GGTCTCTGAATGGACT-1,top_section
GGTGAAGTACAGGGAT-1,top_section
GGTGCTGGTACACATT-1,top_section
GGTGGACTGCTCTGGC-1,
GGTTTAATTACCATCG-1,top_section
GTAACTGCCCAAGGAG-1,
GTAATCTGATTCTTCG-1,
GTACGCTTCATTGCAC-1,bottom_section
GTACGTTTGCCCGTCA-1,
GTAGCCAAACATGGGA-1,bottom_section
GTAGCGGCTATACACT-1,
GTAGTCGCGGGAATCA-1,bottom_section
GTATCTTTCATAACCA-1,
GTATTCTGAGAAACGA-1,top_section
GTCCAATATTTAGCCT-1,
GTCGCCGTTGTGTGTT-1,
GTCGCGTAACCCGTTG-1,
GTCGGGAAGCAGAAAC-1,
GTCGTACCATCTCGGG-1,
GTCGTTATTCGCTTAT-1,bottom_section
GTCTATCTGAGTTTCT-1,top_section
GTCTCAAGGCCCGGCT-1,
GTCTGGGCGGTCGAGA-1,top_section
GTGACTTCAGTAGTGC-1,top_section
GTGAGTGGTACAACGC-1,
GTGATCATAGATCTGC-1,
GTGATTCGCCGCTCAA-1,top_section
GTGCCGCTTCAAAGGT-1,top_section
GTGCGAAATCGAACAC-1,top_section
GTGGACGCATTTGTCC-1,
GTGGAGTCGGCGGTTG-1,top_section
GTGGTATAGTCTGCCG-1,top_section
GTGGTGGCCAAGTGAA-1,bottom_section
GTGTCGTATAGCGTTC-1,bottom_section
GTGTTACTATGCGTCC-1,
GTTAACATCACTTAAA-1,bottom_section
GTTACCTACAACTTGC-1,
GTTACTTTGGGCCTAG-1,top_section
GTTATATTATCTCCCT-1,
GTTGAACCGGTTCCAT-1,top_section
GTTGAGTCCCGCCGGT-1,bottom_section
GTTGGTCATGCTATCC-1,
GTTTACGTTCCATCTG-1,
GTTTCTGCAGTCTCCC-1,
GTTTGGGCTTGTGAGC-1,
GTTTGGTAGGGTCAAC-1,
TAAACCCAGGAGGGCA-1,top_section
TAAAGCGGTATTTCCA-1,top_section
TAACATACAATGTGGG-1,
TAACTCATCCGCGCGG-1,top_section
TAAGGCATAACATCAA-1,
TAAGTAACATCTTGAC-1,top_section
TAATAGAACAGAGTTA-1,top_section
TACAACGCACAACTCA-1,top_section
TACATAGGCATACACC-1,
TACCAAATAGCCCAGA-1,
TACCAATAAAGTACCA-1,bottom_section
TACCAGAAGTAGGTTC-1,
TACCGGCTCACTGCCC-1,
TACCGTAGGTTAACTA-1,
TACCGTGCCTCGGACC-1,bottom_section
TACCTACTCCCAGTAT-1,
TACCTCAGTTGTCTGT-1,top_section
TACGACGCTTGCTGCG-1,
TACGACTGCCTCTTAG-1,
TACGCAGTTCTTTCCT-1,top_section
TACGCCATATTCTAAT-1,
TACGCCGAGGGTACCC-1,
TACGCCTCCATTCCGA-1,
TACGTACTAGTGCTGA-1,top_section
TACTATGGTTCCTCAG-1,
TACTCTTTCGTCTTCA-1,top_section
TACTGAACAGATTTAG-1,top_section
TAGATATGGACTGGAA-1,
TAGCGTCCGGTGTGGT-1,bottom_section
TAGCGTTGGGTCTTAC-1,
TAGCTAGAAGGCATGA-1,
TAGCTAGTGATGATGG-1,top_section
TAGCTCGCCTGATAAC-1,
TAGGTGTTCCACAGAT-1,
TAGTAGCTTATACCAG-1,top_section
TATACACAGACGCCTT-1,
TATACGCGTCATCACT-1,
TATAGAGTCGCTTGAA-1,top_section
TATCCAATTGGTTATC-1,bottom_section
TATCCGCACCGTCGGG-1,top_section
TATCTACCACAGCGGG-1,
TATGTAAAGTGCTTAA-1,
TATTAACCTGACCGCG-1,
TATTCCACTCAGCTCG-1,
TCAACATAGCGCCCTA-1,top_section
TCAACGAGGAGACAAA-1,
TCACAGCAAACTCGAA-1,
TCACAGGAGAATAAGA-1,
TCACAGGGAATCGCAA-1,bottom_section
TCACCCTCTTAAGATT-1,
TCAGACGCTATAGAAG-1,bottom_section
TCAGCAGTAGGCCCTG-1,top_section
TCAGTAGGGACTATAA-1,top_section
TCAGTGTATACGTCAT-1,top_section
TCCAATAAAGGCTACC-1,top_section
TCCACCTCTAGCCTTT-1,top_section
TCCAGAGCACCGGTTC-1,
TCCAGGGTATATACGA-1,
TCCGCCTGTCTACAAG-1,bottom_section
TCCGCTGTCATCCCGG-1,bottom_section
TCCGCTTATCCCATTA-1,
TCCGGTTCGTCCGGTC-1,
TCCTAAATTGGGAAGC-1,
TCCTAACCGTCGGGCA-1,top_section
TCCTAGCAAAGAAGCT-1,top_section
TCGAGCCAGGCAGGCC-1,top_section
TCGCAAAGATGCATTT-1,bottom_section
TCGCACCAGGAGGCAG-1,bottom_section
TCGCCGAAGTTGCGTC-1,top_section
TCGTCAAGTACGCGCA-1,top_section
TCGTCTTAGGCGTTAA-1,bottom_section
TCGTGTACTATGGATG-1,bottom_section
TCGTTAGGAGTCCCTA-1,
TCGTTGCTATCCGGTC-1,
TCTAGCATGCCCAGAA-1,
TCTCCCTGGGCAGCGT-1,bottom_section
TCTCTTACCGCGAACC-1,top_section
TCTGAAGCACGTGGTC-1,
TCTGATGTATTCTGTC-1,bottom_section
TCTGTTACCCAGCATA-1,top_section
TCTTCGAATAGACGTT-1,
TGACTATAATCCTTTC-1,
TGAGCGGAAAGTGTTC-1,
TGAGGAGTGCCAGCTT-1,
TGAGTAAATTAGCGTA-1,
TGAGTGCCTCTTAAAT-1,top_section
TGATACATTTAGCCGT-1,
TGATTCCCGGTTACCT-1,
TGATTCTGTCGCCGGT-1,
TGCCAATGGGTACTCT-1,
TGCCAGTACGTGGAGA-1,
TGCCCGTACCGTTAAA-1,bottom_section
TGCCGTGGATCGTCCT-1,
TGCCTTGGCCAGGCAA-1,bottom_section
TGCGACACCCTAGTGC-1,top_section
TGCGAGAATATTACCC-1,top_section
TGCGTAAGAACCTGAT-1,top_section
TGCGTTTGTTGACACT-1,
TGCTCGGCGAAACCCA-1,
TGGACTGTTCGCTCAA-1,
TGGCAAACTAAATTAC-1,bottom_section
TGGCAGATTACGATCA-1,
TGGCAGCAGTAATAGT-1,
TGGCGACTGCTCCAAA-1,
TGGCGATCAAGTTATG-1,
TGGTCCCACGCTACGG-1,bottom_section
TGGTTCAACGGGTAAT-1,bottom_section
TGTGAGACTAGCCCAA-1,
TGTGGTTGCTAAAGCT-1,
TGTTCGTATTGCGGTG-1,
TTACCCTAGGGATTGG-1,
TTACTAAAGGACTTTA-1,bottom_section
TTACTGGGATATTTCA-1,
TTAGAAGAACATGACT-1,
TTAGAATAAGGGTCGG-1,top_section
TTAGACGAGTCACCTC-1,bottom_section
TTAGGTCATAACCGAC-1,top_section
TTATATACGCTGTCAC-1,
TTATGAATGAAAGGGA-1,
TTATTAGAGCGTGTTC-1,
TTCACTCGAGCACCTA-1,
TTCCAATCTGGCTATC-1,top_section
TTCCACACAGATTTGA-1,
TTCCGCGTGAGGCGAT-1,
TTCCGGCCTTGAGGCT-1,
TTCGACAGAGCCCGTG-1,
TTCGCACTGTACGACA-1,
TTCGCGCGCCATACGA-1,top_section
TTCGGGCGCTAGTCTT-1,top_section
TTCTAGAAAGTCTTAT-1,top_section
TTCTGACCGGGCTCAA-1,
TTCTGCCGCGCCTAGA-1,
TTCTTGAGCCGCGCTA-1,top_section
TTGACTACCATATGGT-1,top_section
TTGAGAGTACTGCTAA-1,top_section
TTGCACAATTCAGAAA-1,
TTGCGGCATCAGAAAG-1,
TTGCGTCGGCCAACCG-1,
TTGGATATCGTCTACG-1,
TTGGTCACACTCGTAA-1,
TTGTGTATGCCACCAA-1,
TTGTGTTTCCCGAAAG-1,
TTGTTTCACATCCAGG-1,top_section
