Barcode,Diffuse_immune
AAACACCAATAACTGC-1,1
AAACAGGGTCTATATT-1,
AAACCGGGTAGGTACC-1,2
AAACCTCATGAAGTTG-1,
AAACGAGACGGTTGAT-1,10
AAACTGCTGGCTCCAA-1,
AAACTTGCAAACGTAT-1,
AAAGACTGGGCGCTTT-1,
AAAGGGCAGCTTGAAT-1,
AAAGTAGCATTGCTCA-1,4
AAAGTCGACCCTCAGT-1,
AAAGTGTGATTTATCT-1,
AAAGTTGACTCCCGTA-1,
AAATACCTATAAGCAT-1,8
AAATCGTGTACCACAA-1,
AAATGGCCCGTGCCCT-1,
AAATGGTCAATGTGCC-1,
AAATTAACGGGTAGCT-1,
AAATTGATAGTCCTTT-1,
AAATTTGCGGGTGTGG-1,
AACAACTGGTAGTTGC-1,
AACAATTACTCTACGC-1,
AACACGAGACGCGGCC-1,
AACAGGATGGGCCGCG-1,
AACCAAGACTTCTCTG-1,
AACCCATCCCATGATC-1,
AACCCTACTGTCAATA-1,
AACCGCTAAGGGATGC-1,
AACGGCCATCTCCGGT-1,
AACGTACTGTGGGTAC-1,
AACGTGCGAAAGTCTC-1,9
AACTCAAGTTAATTGC-1,17
AACTCTCAATAGAGCG-1,
AACTTGCCCGTATGCA-1,
AAGACTGCAAGCTACT-1,9
AAGAGATGAATCGGTA-1,
AAGAGCTCTTTATCGG-1,
AAGAGGATGTACGCGA-1,15
AAGAGGCATGGATCGC-1,
AAGCTAGATCGAGTAA-1,
AAGCTCGTGCCAAGTC-1,9
AAGGAGCGGTTGGTGC-1,
AAGGATGAGGGACCTC-1,
AAGGCTGTGCTCATCG-1,
AAGGGAACGACTGGCT-1,
AAGGGACTATGCATTC-1,
AAGGTGATAAACCAGC-1,
AAGTAGTGACGCGAGG-1,
AAGTCAATTGTCGTCA-1,
AAGTGACGACCGAATT-1,
AAGTGCCTTGACTGTA-1,
AAGTGCGTTAGAATCT-1,4
AAGTTCGGCCAACAGG-1,
AATAACAACGCTCGGC-1,
AATATTGGAGTATTGA-1,
AATCGCCTCAGCGCCA-1,10
AATCTAGGTTTACTTG-1,2
AATCTGCGTTGGGACG-1,
AATCTGGCTTTCTAGT-1,
AATGACAGCAATGTCT-1,
AATGACGTAGGATGTC-1,
AATGCAACCGGGTACC-1,
AATGGTCCACCGTTCA-1,
AATGTGCCCGAGGTGT-1,
AATTAAAGGTCGGCGT-1,
AATTCTAGAGTTAGGC-1,8
AATTGAACGCTCTGGT-1,
ACAAATGGTAGTGTTT-1,
ACAACAGCATGAGCTA-1,9
ACAAGCAGTGCCTAGC-1,14
ACAAGGAAATCCGCCC-1,
ACAAGGACAAGAGGTT-1,
ACAAGGGCAGGCTCTG-1,
ACAATAGTCGTACGTT-1,
ACAATCCATTTAAACC-1,
ACAATTTGAGCAGTGG-1,
ACACACCAGGACCAGT-1,
ACACATGATCAAATCT-1,
ACACCTTAAGTAGGGC-1,
ACACGAGACTCCTTCT-1,9
ACACGGGAACTTAGGG-1,
ACAGAACTGAGAACAA-1,3
ACAGGTGGAGGTGAGG-1,
ACAGTAATACAACTTG-1,
ACATCCTGGTAACTGT-1,
ACATCGATCGTTTACC-1,
ACATCGGTCAGCCGCG-1,
ACATCGTATGCAATGG-1,
ACATGGCGCCAAAGTA-1,
ACCACAAGTTTCTATC-1,
ACCACGTGCAGCTATA-1,
ACCATATCCGCAATAA-1,
ACCATCCGCCAACTAG-1,
ACCATCGTATATGGTA-1,
ACCCAACGCCCGTGGC-1,
ACCCACCTACATGCTC-1,
ACCCATCTTGAGGGTA-1,
ACCCGGATGACGCATC-1,
ACCCGGTTACACTTCC-1,
ACCGACTGAGTCCCAC-1,11
ACCGATGGTAGCATCG-1,
ACCGGTCAGGTACACC-1,
ACCTAAGTACCTTTCA-1,
ACCTAATCGACTTCCT-1,
ACCTGCGTGTCATGTT-1,5
ACGAAATGGGCGGCAC-1,
ACGAGGATACCACTCT-1,
ACGATCATCTTGTAAA-1,
ACGATGCATATGTTAT-1,
ACGCATTCGTGAGTAC-1,12
ACGCCGCTAGACGACC-1,
ACGCGAAGTCAGACGA-1,
ACGCGCTACACAGGGT-1,15
ACGCGGGCCAAGGACA-1,12
ACGCTGTGAGGCGTAG-1,
ACGGCGACGATGGGAA-1,
ACGGGAGTGTCGGCCC-1,
ACGTAGATTGCTGATG-1,9
ACGTATTACTCCGATC-1,
ACGTTAATGTCGAAGA-1,
ACGTTAGATTTGCCCG-1,
ACTACATCCCGACAAG-1,
ACTACCAGCTCTCTGG-1,
ACTCAATAAAGGCACG-1,
ACTCCCATTCCTAAAG-1,5
ACTCCCTAGAATAGTA-1,8
ACTCGTAACCCGTCCT-1,4
ACTCGTCAGTAATCCC-1,10
ACTCTCTGACTTAGGT-1,10
ACTCTTGTATAGTAAC-1,9
ACTGTACGATACACAT-1,
ACTGTAGCACTTTGGA-1,
ACTGTCCAGGATTATA-1,
ACTGTCTTCTTTAGAA-1,11
ACTTATACTTACCCGG-1,
ACTTATTAGGATCGGT-1,
ACTTATTTATGTGCCA-1,
ACTTCGCCATACGCAC-1,
ACTTGACTCCCTCTTT-1,9
ACTTGGGACCCGGTGG-1,
ACTTTCCTATAGCTTC-1,
ACTTTGACTGCATCCT-1,
AGAACGTGGTACATTC-1,
AGAAGAGCGCCGTTCC-1,
AGAAGGTACACTTCAC-1,
AGAAGGTTGCCGAATT-1,
AGAAGTGATTCGTGAT-1,4
AGAATAAATCTTCAGG-1,
AGAATTATGGATTCGA-1,
AGACCCACCGCTGATC-1,8
AGACCCGCCCTCCTCG-1,
AGACCGGGAAACCCTG-1,13
AGACGACGATGCCGCT-1,
AGACTAGCCTTCCAGA-1,
AGAGATCTCTAAAGCG-1,
AGAGCAGTTATGAGAC-1,
AGAGCGTACAAGCTCG-1,
AGATAACTTCAGGGCC-1,16
AGATACCGGTGTTCAC-1,
AGATACTCAAGATCGA-1,
AGATCTCAGGTGTGAT-1,
AGATGCAAGACGTGCA-1,
AGATTATAGGACGTTT-1,
AGATTCACAACCGATA-1,
AGCAACATATCTTATT-1,
AGCAACCGAAAGTAAT-1,
AGCACCAGTACTCACG-1,
AGCACTACCGGCCTGT-1,
AGCACTTAAGGACGCC-1,
AGCATCATTTCGAAAG-1,
AGCCCATACATGTAAG-1,2
AGCCGTGGCTAAATGT-1,4
AGCCTAATACCCACGT-1,
AGCGACAGGAACGGTC-1,
AGCGACCAACGATATT-1,
AGCGTGGTATTCTACT-1,
AGCTCTAGACGTTCCA-1,9
AGCTCTTTACTCAGTT-1,
AGCTGTAACCTCAATC-1,
AGCTTGATCTTAACTT-1,2
AGGACAGTCGAATCCC-1,
AGGACGACCCATTAGA-1,
AGGATATAGGGATTTA-1,
AGGATCACGCGATCTG-1,
AGGCCACCCGTTATGA-1,
AGGCCCTAGAACGCCA-1,
AGGCGGTTTGTCCCGC-1,1
AGGCTATGGTTAGCTT-1,
AGGGCGAGCAGCTGAT-1,
AGGGCTGCAGTTACAG-1,9
AGGGTCGATGCGAACT-1,
AGGGTGCTCTCGAGGG-1,
AGGGTTCCCTTTGGTT-1,
AGGGTTTAGTTCGGGA-1,12
AGGTAGGTACAAAGCT-1,
AGGTCAGGTGAGAGTG-1,5
AGGTGTATCGCCATGA-1,
AGGTTTCACACACCTT-1,
AGTACGGCCCGTATCG-1,
AGTATAATACTAGGCA-1,
AGTATGCTGGAGACCA-1,
AGTCAACACCACCATC-1,
AGTCCATTGGCTGATG-1,
AGTCGACGGTCTCAAG-1,
AGTCGGCTCAACTTTA-1,
AGTCGTGGGCATTACG-1,
AGTCTCACAAGACTAC-1,
AGTGAACAAACTTCTC-1,
AGTGACCTACTTTACG-1,
AGTGAGACTTCCAGTA-1,
AGTGATATGAGTAGTT-1,
AGTGATTCAAGCAGGA-1,
AGTGCGTAGCTCGTAA-1,
AGTGCTTGCACGAATA-1,
AGTGGCTCCGTCGGCC-1,
AGTGTGGTCTATTGTG-1,
AGTTAAACACTTGCGA-1,
AGTTAAGTCAACCGCT-1,4
AGTTCCTACAGAATTA-1,
AGTTCCTATTTATGTT-1,
AGTTTGGCCAGACCTA-1,
ATAAACGGACCCGTAA-1,
ATAAAGGCTCGGTCGT-1,
ATAAATATTAGCAGCT-1,15
ATAACGCCGGAGGGTC-1,
ATAAGGTGGAGAACAT-1,8
ATAAGTTACCGCGACG-1,
ATAATAGCTGTTGAAT-1,
ATACCACGGGCAACTT-1,
ATACGCCGGCGAAACC-1,10
ATACGGAACGTCGTTT-1,
ATAGACAACGGGACCT-1,
ATAGACGAAGAGAAAG-1,16
ATAGAGTACTGGGACA-1,
ATAGGCGGCTATAGAA-1,
ATAGGTTGGGCAGATG-1,11
ATAGTGAAGCGTTCTC-1,
ATAGTTCCACCCACTC-1,
ATATCTTAGGGCCTTC-1,12
ATATGTCTCCCTAGCC-1,
ATATTCAGTTAAACCT-1,
ATATTTAACCCTCAAG-1,
ATCAAACGAAGGTTTG-1,
ATCAATCTGGGCTGCA-1,9
ATCAATGCCGTGGCTG-1,
ATCACGTGCTAATTAA-1,
ATCAGACGGCACGCCG-1,
ATCAGCTCGTCCACTA-1,
ATCATCCAATATTTGT-1,
ATCCAATGGAGGGTCC-1,2
ATCCAGGATTCGTGAA-1,
ATCCTACCTAAGCTCT-1,
ATCCTGAATCGCTGCG-1,2
ATCCTGCGTGGAATGG-1,
ATCGACCCAATACAGA-1,
ATCGCACGCCGGGAGA-1,
ATCTGGTTAAGACTGT-1,
ATCTTGACCTGCAACG-1,
ATGACGCGTTCTATCC-1,
ATGATGCAATGGTACA-1,
ATGCACTACCGCATTG-1,
ATGCCATTTGCGACCA-1,
ATGCCGGTCTTGCATA-1,10
ATGCGACAGTCCCATT-1,9
ATGGAGCAGGCCGTGA-1,9
ATGGATTGACCAAACG-1,
ATGGCAGCATTACGAT-1,
ATGGGCCTCGGCCTCT-1,
ATGGTCGCGTGGTTTC-1,
ATGTGAAAGCCTAATG-1,
ATGTGGACATCTTGAT-1,
ATGTTCGTCGACCCAC-1,
ATTAAACATGCGGACC-1,
ATTACGCGCTGGCAGG-1,15
ATTAGGCGATGCTTTC-1,9
ATTCAGTAGCAGGGTC-1,
ATTCATATACTGTCCA-1,
ATTCCCACATAAACAA-1,
ATTCGACGCCGGGCCT-1,2
ATTGAAGATCTTAGTG-1,
ATTGATGAGTCCTAAC-1,
ATTGCTGCTCCTCCAT-1,16
ATTTACAGTTTACTGG-1,
ATTTGCGCGAGTAGCT-1,
ATTTGTCTTGGGAGCT-1,
CAAACGAGTATCGCAG-1,
CAAACGGTCGCACTTT-1,
CAAAGATTATTGGGCC-1,
CAAATCTCTCACAAGG-1,
CAAATGTCCTTCCGTG-1,
CAAGAGGGCGGAGTAC-1,
CAAGATATTATAACGT-1,
CAAGCAACGTCGGAGT-1,
CAAGGATCGCATGTTC-1,
CAAGTGTGGTTGCAAA-1,
CAATAAACCTTGGCCC-1,
CAATGGATCTCTACCA-1,
CAATTAAGGGTGATGA-1,11
CAATTTCGTATAAGGG-1,
CACAATGAGCTGCTAT-1,
CACACAGGGATAGATT-1,
CACACGCGCTGTCTTA-1,
CACAGAGACGAGGACG-1,
CACAGCACCCACGGCA-1,
CACATATTAGCAGGAT-1,
CACATGATTCAGCAAC-1,
CACCAGTCAGCATGCA-1,
CACCCTTGGTGAGACC-1,
CACCGCCAGAAGGTTT-1,
CACCGTTGCGCGATAT-1,
CACCTTGGCGCCTTTG-1,
CACGAAAGTTAGTCCC-1,
CACGCAGCGAGGCTTT-1,
CACGCGGAACTGTTGC-1,
CACGTCGGCAACCTCT-1,
CACGTTCGTGCTCTAG-1,
CACTAAAGTTGCCTAT-1,
CACTCAAGAGCTATGG-1,
CACTCGAGCTGAACAA-1,
CACTCGGTTAGGAGGA-1,
CACTTAATCAGACGGA-1,16
CAGAGCATGAGCTTGC-1,
CAGATACTAACATAGT-1,
CAGATCCTGGTTTGAA-1,
CAGCAGCCCGTTCCTT-1,
CAGCTCACTGAGACAT-1,12
CAGCTCGACAAGTTAA-1,
CAGCTGGCGTAACCGT-1,4
CAGCTTAGTAGGTAGC-1,
CAGGATATATCGTTGT-1,
CAGGCCGTTTGGGTGT-1,17
CAGGCGCACGGTGGTC-1,
CAGGCGCCATGCTAGG-1,
CAGTACCAGTTTACGT-1,
CAGTCTGTATACTGGG-1,
CAGTTCAAATTGACAC-1,
CAGTTCCGCGGGTCGA-1,
CATAACGGACAGTCGT-1,
CATAAGCTCTCCGTCT-1,13
CATACCCGTACCCAGT-1,
CATACGGCGTCTGGGC-1,
CATACTATGTAATTGT-1,
CATAGCCGCCCGGGAT-1,
CATAGTCCACAAGAAC-1,
CATATAGGTACAGTCA-1,
CATATGTCAGGCTACG-1,
CATCGGACGGGTTAAT-1,
CATCTTACACCACCTC-1,
CATGCCAACTCGCAAA-1,
CATGGTAAGTAGCGTT-1,
CATGGTCTAGATACCG-1,
CATTATGCTTGTTGTG-1,
CATTGCGAAATGGGCG-1,
CCAACGATGCACTGAT-1,
CCAAGCGTAACTCGTA-1,9
CCAATAGTGCCGTCGA-1,16
CCAATGTCACAGCAAG-1,
CCACAATGTACGTCTT-1,
CCACACTGAGATATTA-1,
CCACCCAAGGAAAGTG-1,9
CCACGGAGCCATAAGA-1,
CCACTGGTGGCTGGTT-1,2
CCAGAAAGCAACTCAT-1,
CCAGAGACAAAGCCGG-1,
CCAGATAGTTGAGTGA-1,
CCAGCCTGGACCAATA-1,
CCAGCTGATGGTACTT-1,
CCAGCTTCCGCCCGCA-1,
CCAGGGACGTGGCCTC-1,
CCATCGCAGTTAAACT-1,
CCATCTCACCAGTGAA-1,
CCATGCCTGTTTAGTA-1,
CCATGGCCCTTGTACC-1,
CCATTAGCGATAATCC-1,16
CCATTCCCTGCCCACA-1,
CCCAAACATGCTGCTC-1,
CCCAACATACGTCGCG-1,
CCCAATTTCACAACTT-1,
CCCAGTTAAGGCGCCG-1,
CCCGAAGTTTCGCGAA-1,
CCCGCAGCGCGAACTA-1,
CCCGGTGGAAGAACCT-1,
CCCGGTGTATCGGAAT-1,2
CCCGTAAGTCTAGGCC-1,15
CCCTATGTAGAGCAGA-1,
CCCTGAAATGAGTTGA-1,
CCCTGACTAACAAATT-1,
CCCTGCCCAATCCGCT-1,
CCCTGCGCTACGCATA-1,
CCGAACACTGGGCCTC-1,
CCGAACCTTCCCGGCC-1,8
CCGAAGTATATTGTTC-1,
CCGACAAAGGGAGTGC-1,
CCGACGGGCATGAGGT-1,7
CCGATCTCAACCTTAT-1,
CCGATTCGAGGGACCC-1,
CCGCACAAAGACCAAC-1,9
CCGCACGTGACCTCGG-1,
CCGCGGGTACGAAGAA-1,
CCGCGTAGGTAAGGGC-1,14
CCGCTATCAGCACCAG-1,
CCGCTTACCTCACTCT-1,
CCGGCGTGAGACTCTG-1,
CCGGGCGGTCTCGTCA-1,10
CCGGGCTGCTCCATAC-1,
CCGGGTTCGAGGTTAC-1,
CCGTAAGTTGGTCCCA-1,10
CCGTATCTCGTCGTAG-1,
CCGTGTTAAATTCCAT-1,
CCGTTCCGAATCTCGG-1,2
CCTAAATTAACGGTTC-1,
CCTACATTCACAGACG-1,
CCTACTGCTTACACTT-1,
CCTAGGCGTAGCGATC-1,
CCTATGGGTTACCGTC-1,
CCTCCGACAATTCAAG-1,
CCTCGGACCGGGATAG-1,
CCTCTATCGATTAGCA-1,
CCTCTCTCCCATCTAG-1,
CCTGAACGATATATTC-1,
CCTGACCACCGATGGT-1,
CCTGCGTTCTACGCTT-1,
CCTGCTATTTGAGAAG-1,
CCTGGCTAGACCCGCC-1,
CCTGTAAGACATGATA-1,
CCTGTACTCACGCCCA-1,2
CCTGTCACCCGGGCTC-1,11
CCTGTCGCCCGTAAAT-1,12
CCTTCTCAGCGTTCCT-1,
CGAAACGCAATTCATG-1,
CGAACGGCCGGACAAC-1,
CGAAGTTGCTCTGTGT-1,
CGAATCTGCTCGACGC-1,
CGAATGAAGTCATTGC-1,
CGACAATTTGATCTAA-1,
CGACACGCTCCGACAG-1,
CGACAGTTCGCGTTAT-1,16
CGACCCTTAACGCCGG-1,
CGAGACCCTAGAGTGT-1,
CGAGAGATGTGAACCT-1,
CGAGCACTTCAAGTTT-1,
CGAGGCTAAATATGGC-1,
CGAGGGACTGCGGTCG-1,10
CGAGTACTAAAGAGGA-1,
CGAGTGAAGGTACCAG-1,
CGAGTTCTGTCCCACC-1,
CGAGTTTATCGGACTG-1,
CGATACCTCGCGGACA-1,
CGATCCGACCCAGTGC-1,
CGATCTGTTGGAGGAC-1,
CGCAAACACGAGTTAC-1,
CGCAATTAGGGTAATA-1,
CGCAATTCTACAATAA-1,
CGCACATGTCCACTAC-1,
CGCACGTGCGCTATCA-1,
CGCATGGTGCGATGCT-1,
CGCATTAGCTAATAGG-1,
CGCCAAGAAGCCGAGT-1,
CGCCCTTGAAGGCTGA-1,
CGCCGCCCATGCCTGT-1,
CGCCTCCCTCCTCTAT-1,
CGCCTGGCCTACGTAA-1,15
CGCGAGTCTGCCGGGT-1,
CGCGCAAATGTCCAGA-1,7
CGCGGCTCAACTTGAA-1,
CGCGGGAATTAGGCAG-1,
CGCGTTCATGAAATAC-1,
CGCTACGGGACATTTA-1,
CGCTAGAGACCGCTGC-1,
CGCTATTCTTAGGCTC-1,
CGCTCTCCGTAGATTA-1,
CGCTGTGACGCCGCAC-1,
CGCTTATTCCCGGTCG-1,2
CGCTTTCTTGCATTCG-1,
CGGAACGTAAACATAG-1,
CGGAGCATGGCGATCC-1,
CGGAGTTTGAGAGACA-1,
CGGCAGGGTCGGGTTG-1,
CGGCCACGCACAAAGT-1,12
CGGCCCAGGTATATCC-1,
CGGGAATTTATGTAAA-1,
CGGGCAGCTAAACCGC-1,
CGGGCCTTCTTTGTAA-1,
CGGGTGTACCCATTTA-1,
CGGTACTAGAATCAAA-1,
CGGTCAAGTGGGAACC-1,
CGGTGAAGACTAAAGT-1,
CGGTGCAGATAGAACG-1,
CGGTGCGCGTTGGTCC-1,
CGGTTGACCTGGCATA-1,2
CGTATTAAGAGATCTA-1,
CGTCAAGGCTATAAAT-1,
CGTCACGTCCATTGGT-1,
CGTCGGATAGTGTTGA-1,
CGTCGGGTCTAAGCGC-1,
CGTGAAGTTAATTCAC-1,
CGTGCAGACTGGGACA-1,9
CGTGCATTGTCGACGC-1,
CGTGCCCTCCCGAAGA-1,
CGTGTCCCATTCGCGA-1,
CGTTCATGGTGCGCGT-1,
CGTTGAGCGACCGTCG-1,
CGTTGTTTCAATTCCC-1,
CGTTTCGCTCATTACA-1,
CTAAAGAATGCCTACT-1,
CTAAAGGGAAATAGGA-1,
CTAACCGCGCGCCCGT-1,
CTAACGAAACTTGCTG-1,
CTAACTGGTCCGGTTC-1,
CTAAGGGAATGATTGG-1,
CTAATTCGCACGCGCT-1,
CTACCCTAAGGTCATA-1,
CTACGACTAGCTATAA-1,2
CTACGCACGGAGTACC-1,
CTACTATCATAGGTTT-1,3
CTACTATCTTTCAGAG-1,
CTACTCTAGGCCCGGC-1,14
CTACTGCCACCTGACC-1,
CTAGATTTACGACGGC-1,9
CTAGCATAGTATAATG-1,9
CTAGTCACGTCTTAAG-1,9
CTAGTGAAGGACAGGA-1,
CTAGTTGGGCCCGGTA-1,
CTATCGGGTCTCAACA-1,9
CTATGTCACTAGCCCA-1,11
CTATGTGAGTCACGGC-1,
CTATTTGGTTACGGAT-1,
CTCACTTGGCTGGTAA-1,
CTCATGGTAATTTGCG-1,4
CTCCCTCCTTTCGATC-1,
CTCCGCCCACATGAGG-1,
CTCGAGGTCGAACAGT-1,
CTCGGTACCACTGCTC-1,
CTCGGTTGTCGGCCCT-1,7
CTCGTCGAGGGCTCAT-1,1
CTCTACACTGGCGATT-1,
CTCTATTTGGCTGCAG-1,8
CTCTCACAATCGATGA-1,9
CTCTCTAACTGCCTAG-1,
CTCTGGACGCCTGGTG-1,12
CTGAATCCGAGACCTC-1,
CTGATAGTGTATCTCA-1,
CTGCACAACTACATAT-1,
CTGCCATGCATCACAT-1,
CTGCGGGTGAAATGTT-1,14
CTGCTGAGGCCACGAA-1,
CTGGAAATGGATGCTT-1,
CTGGACGCAGTCCGGC-1,
CTGGCATCCGAATGAG-1,
CTGGCGCACAGGTCTG-1,
CTGGCTGATTCATCCT-1,
CTGGGATAAATAATGG-1,
CTGGGCCTGCTATATC-1,
CTGGGTAGGCAGTTAA-1,
CTGGTAACACATAGAA-1,
CTGGTTTCGAGCAAGA-1,
CTGTACTTCTTAGCAT-1,
CTGTGCAGGGTAGGTC-1,
CTGTTACCCAATCTAG-1,
CTTACACGGTATTCCA-1,
CTTATGCGCTCAGGGC-1,
CTTCAGTGGTCGCCTA-1,2
CTTCATTGTCAGTGGA-1,12
CTTCGTAGATAGGTGA-1,
CTTCTATGTTGAAGTA-1,
CTTGAGTTAGGGTAAT-1,
CTTGCAACCGCCTCCT-1,2
CTTGCCCAGGCTCTAC-1,
CTTGTCAACATTCGAG-1,
CTTGTTGCTGAGTCAA-1,
CTTTAATATTGGTCGA-1,8
CTTTAGGAACACTGTT-1,
CTTTAGTGCTATTATT-1,
CTTTGGCGCTTTATAC-1,
CTTTGGCTTTAGTAAA-1,
GAAACAGATGACCACC-1,
GAAACATAGGAAACAG-1,
GAAACCGAATTACCTT-1,
GAAACTCGTGCGATGC-1,
GAAAGAACAGCGTTAT-1,
GAAAGCCCTTTGGACC-1,
GAAAGTGACTAACTGC-1,
GAAATATCACCATCAG-1,
GAAATGGCGGTGTTAG-1,
GAAATTGTCTCTATAA-1,
GAACGTCTCATGGTCG-1,
GAACGTTAGGAAGACG-1,
GAAGCGTGAGGAATTT-1,12
GAAGCTCGGACCCGTC-1,
GAAGCTTGCTGACCGC-1,
GAAGTCTCCCTAGCGA-1,
GAAGTGATTTATCGTG-1,
GAAGTTTCCACTCAAT-1,16
GAATAGACGCGACCCA-1,
GAATCGACATGGTCAC-1,
GAATCTGAACATTCTC-1,
GAATGTGGTCCGGATT-1,
GAATTATAGTGAAAGG-1,9
GAATTCACCCGGGTGT-1,
GAATTTCTCGCTGCAG-1,
GACAAACATATGCAGG-1,
GACACAAGGGAAGAAA-1,
GACACTGAGTTCAGTG-1,
GACAGCCAGACCTGAC-1,
GACAGGCACACACTAT-1,2
GACCAGAGCCCTGTAG-1,
GACCCAATTATGATAC-1,
GACCGACTGAAGCGTC-1,
GACCGTGCTGACGGTG-1,
GACGACGATCCGCGTT-1,
GACGCTTGCTTCTAAA-1,
GACGTGTAGGGATTAT-1,
GACTAAGTAGGCTCAC-1,
GACTACAAAGCGGTGG-1,4
GACTGCACCAGCCCAG-1,
GAGACTGATGGGTAGA-1,
GAGAGGGCGCGAGGTT-1,
GAGAGGTGCATTCTGG-1,
GAGATCTGCTTGGCAT-1,16
GAGATCTGTCACTCCG-1,
GAGATCTTCCATGACA-1,
GAGCGCTGTTAGGTAA-1,
GAGCTAAGGGCATATC-1,
GAGGAATGGAGAGGTT-1,
GAGGCCCGACTCCGCA-1,
GAGGCTATCAAAGTCG-1,2
GAGTAAGGCCACGGGA-1,
GAGTATGCCCGCCTTG-1,
GAGTCCGCTTACCGGA-1,
GAGTGTGCGGTACCCA-1,
GAGTTGATGGCAATTT-1,
GATAACTCGCACTGTG-1,
GATACGATGGGAGTCA-1,
GATAGGTAACGTTGAC-1,
GATATGAGACACTAAC-1,10
GATATGGATTACGCGG-1,
GATATTGAGATTGGCG-1,
GATCATTCCAAACATT-1,
GATCCCTTTATACTGC-1,
GATCCGGGAATTAACA-1,9
GATCCTCGACACTGGC-1,
GATCGACACTATCTGA-1,
GATCGCGGGCTCTCCA-1,
GATCGGATAGAACCAT-1,
GATCGGTGGCCATAAC-1,
GATCGTGACTGATATC-1,9
GATCTTGGAGGGCATA-1,
GATCTTTGCAGGGTAT-1,
GATGCGTCCTGCATTC-1,
GATGCTGTATTTCATC-1,
GATGTAACGAACCACC-1,
GATGTTCAATCCACGA-1,
GATTACTGAATTTGGG-1,
GATTCCTATACGGCGC-1,
GATTCGACGGTTCACG-1,9
GCAAATATTACGCTTT-1,16
GCAACACACTAGAACT-1,
GCAACCACGGCCGCGT-1,2
GCAAGAATTCCTTGGC-1,
GCAGACCCAGCACGTA-1,
GCAGATTAGGGATATC-1,12
GCAGCACACAGCCCAG-1,17
GCAGGAACTTAGATCT-1,2
GCAGGACTATAGAATA-1,
GCATACGAGGTCTTTA-1,
GCATAGAGCACTCAGG-1,
GCATGAGGGACGCGGC-1,
GCATTGTAATTCATAT-1,2
GCCAAGAATACTTCTG-1,
GCCACAATTTAAGGAC-1,
GCCATTAGCCTCAAAC-1,
GCCCGACTTCTTCCCG-1,4
GCCCGCGCGTAAACGG-1,
GCCCGTAATACCTTCT-1,
GCCCTAGCCGTCGCGA-1,
GCCGAAATTCCTACGT-1,16
GCCGATTGGCCAAGCT-1,
GCCGCATTAGTCCGGC-1,6
GCCGCTTGTGAGAAAC-1,
GCCGGGTTAGGGTCGC-1,
GCCTATAGTGTCAGGG-1,
GCCTATTCCGATATAG-1,
GCCTCATCTGGAAATA-1,
GCGAAACTTAACTGGA-1,
GCGAAGCCATACCCGT-1,
GCGACGATAGTTGTAC-1,
GCGAGGCCCGAGCAGA-1,
GCGAGTTCTGCAAAGA-1,12
GCGATTGTTAACGTTA-1,
GCGCAAATATATTCAA-1,
GCGCAAGAGCGCGCTG-1,
GCGCATCCAGTCAGCA-1,
GCGCCGTTCCACGATA-1,
GCGCTAATTGAATAGA-1,9
GCGCTATGCCGAGGCA-1,
GCGGAGAAACTTCGCA-1,
GCGGAGAGGGAGAACG-1,
GCGGCAAAGTATTGCC-1,
GCGGCTCTGACGTACC-1,
GCGGTTCCCTATCATG-1,
GCGTCTCTGCATTGGG-1,17
GCGTGGTACTGGGTTA-1,
GCGTTATATTTGGAAC-1,
GCTAAACCTGAGGTGA-1,
GCTAAGTAGTTTCTCT-1,
GCTACAGTACGGACCG-1,
GCTACGACTTATTGGG-1,
GCTAGACCGTCTACTG-1,
GCTAGTAGAGCTTGTA-1,
GCTCAATCCGTTTATT-1,
GCTCCTGACATACTGG-1,
GCTCGCTCATGTCCAA-1,
GCTCTATGTTACGTGC-1,
GCTCTCGGGTACCGAA-1,
GCTGAATCTTCCAATC-1,
GCTGAGGCGTGAGTAT-1,
GCTGCACGGTTTCTTA-1,9
GCTGCTACTGCGTAGC-1,
GCTGCTCTCCGGACAC-1,11
GCTGGCATATTCACCT-1,
GCTGTATTACTGGCCC-1,
GCTGTTGCTACCGAAC-1,
GCTTAATGTAACTAAC-1,
GCTTATGAAGCAGGAA-1,
GCTTCCGTCCCTAGAC-1,
GCTTGGATCGATTAGG-1,
GCTTTCAGAGGAGGTG-1,
GGAACCTTGACTCTGC-1,1
GGAATGCGCTAGCGTG-1,
GGACCAACAGGATAAC-1,
GGAGACGACACCTTTG-1,
GGAGCACCAAGAACTA-1,
GGAGGGCTTGGTTGGC-1,
GGATCCGGAATATACT-1,
GGATCTTGACTCAACC-1,
GGATGAAGATCGCTGA-1,
GGATGACGCGAGTTTA-1,
GGATGCTGGCGTTCCT-1,
GGATGTCCTTACCGCA-1,
GGATTTCACTTCTATA-1,
GGCAAAGGCGCCAATA-1,
GGCAAATTACTTTACT-1,
GGCAAGGCGAAATAGC-1,
GGCAATAGTCAATGAG-1,
GGCACTCCACTGGGCA-1,16
GGCATACAGGTAGCGG-1,
GGCCCTCACCCACTTA-1,
GGCGAAATCTAACTTG-1,
GGCGCAGGACATCTTC-1,2
GGCGCATGAATTGATG-1,
GGCGCGTTCGAGTTTA-1,
GGCGGAGTAATATTAG-1,16
GGCGGTAGGATCATTG-1,9
GGCGTCCTATCCGCTG-1,
GGCTATTAAGTTGTAT-1,16
GGCTCGCGTTGAGGTA-1,
GGCTCTGCTCCAACGC-1,
GGGAACGGGAGGTTAG-1,
GGGACAGAGTTACTCC-1,
GGGACTGCATAGATAG-1,12
GGGAGAACTCACAGTA-1,11
GGGAGGATGCCCGAAA-1,
GGGAGTTAATGAGGCG-1,9
GGGATGGTCGTAACCG-1,
GGGATTTACCGCACCT-1,
GGGCAACCGCACGTGC-1,
GGGCCCGTCTTAAACA-1,
GGGCCCTACGAAAGGG-1,
GGGCCGGCCGAAGTAC-1,
GGGCGATATGTGTGAA-1,
GGGCGGGTTCCCTACG-1,
GGGCGTCACCACGTAA-1,
GGGCTGCCTAGGGCGA-1,9
GGGCTGGTTAGTCGCG-1,
GGGTACTTCATGAACT-1,
GGGTATGTATGCACTT-1,
GGGTATTCTAGCAAAC-1,
GGGTCACCGTGACGGT-1,16
GGGTGACACCTTAACT-1,
GGTAACCGGGAGGATA-1,7
GGTACAAACATGCTAT-1,
GGTACATCTGGGACGA-1,
GGTAGTGCTCGCACCA-1,9
GGTATTGCCGAGTTTA-1,
GGTCAGTGGGTCCCAC-1,
GGTCGGCCAGGAGCTT-1,
GGTCGTAAGCTCGCAC-1,
GGTCTCTGAATGGACT-1,
GGTCTGAGAATCTGGA-1,
GGTGAAGTACAGGGAT-1,
GGTGATAAGGAGCAGT-1,10
GGTGCTGATCACAAAG-1,
GGTGCTGGTACACATT-1,
GGTTACCACCCTCGGG-1,
GGTTAGGCTTGGAGAA-1,
GGTTAGTTACGGCGCC-1,
GGTTGTGTAGCCTGGC-1,
GGTTTCAATCGGTCAG-1,
GTAAGTAACAGTCTGG-1,
GTAAGTAGGGTATACC-1,
GTACACTTACCTGAAG-1,12
GTACAGAGGCAAGGGT-1,
GTACGCTTCATTGCAC-1,
GTACGTTTGCCCGTCA-1,
GTACTAAGATTTGGAG-1,
GTACTCCCTTATCGCT-1,2
GTACTGGAGTTAGACC-1,
GTAGAGGGAGACAAGT-1,
GTAGCCAAACATGGGA-1,8
GTAGCGGCTATACACT-1,9
GTAGCTTCCTCTTGTT-1,
GTATCTCAGTCTTGAC-1,
GTATCTTTCATAACCA-1,
GTATGAAATTTCACTC-1,
GTATGTGGGTCTAGTT-1,
GTATTCTGAGAAACGA-1,
GTCAAAGAAGTGGTGT-1,
GTCAAGCGGACTCGGG-1,
GTCAGAATAGTCTATG-1,
GTCATGCACCTCCGTT-1,
GTCATGGACATGACTA-1,
GTCATTAGAGCGAACG-1,9
GTCATTGCATTGACCC-1,
GTCCCAACGTAAAGTA-1,9
GTCCGGCTGAATTGCG-1,
GTCGCGTAACCCGTTG-1,9
GTCGGATATCTCAGAC-1,
GTCGTACCATCTCGGG-1,
GTCGTTATTCGCTTAT-1,
GTCTACTCAATTACAA-1,
GTCTATCTGAGTTTCT-1,17
GTCTGGGCGGTCGAGA-1,
GTGACCGCACACTACG-1,
GTGACTTCAGTAGTGC-1,
GTGAGCGTGCTGCACT-1,
GTGAGGACACTTAAGG-1,10
GTGATCATAGATCTGC-1,
GTGATTCGCCGCTCAA-1,
GTGCCATCACACGGTG-1,
GTGCCCGTTCGGATTC-1,
GTGCCGCTTCAAAGGT-1,
GTGCGAAATCGAACAC-1,
GTGCGACAGGGAGTGT-1,
GTGCGTGTATATGAGC-1,
GTGCTCAAGTACTGTC-1,
GTGGACCAACCCGATT-1,
GTGGAGCGTTTACCGA-1,
GTGGCAAACAGCGGCA-1,
GTGGCGGTCCCAGCGT-1,2
GTGGGAAGACTGAATC-1,
GTGGGCTTAGACACAC-1,
GTGGTGGCCAAGTGAA-1,
GTGGTTTCCGCCTTTC-1,
GTGTACCTTGGCTACG-1,
GTGTGAATAACTTAGG-1,
GTGTTACTATGCGTCC-1,9
GTTACAATTGGTGACG-1,
GTTACCTACAACTTGC-1,8
GTTACTTTGGGCCTAG-1,
GTTAGGCTACCCGTTT-1,
GTTATATTATCTCCCT-1,
GTTCACAGGAGTCTAG-1,
GTTCGCCATAAGTGCC-1,
GTTGAACCGGTTCCAT-1,
GTTGGATTGAGAACAC-1,
GTTGGATTTGCGTTGG-1,
GTTTACGTTCCATCTG-1,8
GTTTCATATCGTCGCT-1,15
GTTTCCTGGAGGGTGA-1,
GTTTCTGCAGTCTCCC-1,9
GTTTGACCAAATCCTA-1,
GTTTGGCCCAAGTTAT-1,
GTTTGGGCTTGTGAGC-1,
TAAAGCGTTAGGAGAA-1,
TAAATGAATCCGTTTC-1,
TAACAATATTTGTTGC-1,
TAACATACAATGTGGG-1,9
TAACATACACGCGATC-1,7
TAACGCTTTGAGAGCG-1,
TAACTCATCCGCGCGG-1,
TAAGAGGGACAGGGAC-1,
TAAGCAGGCGACACGC-1,
TAAGGCTGAATCCCTC-1,
TAAGGGCTGGGAGAGG-1,6
TAAGTAACATCTTGAC-1,
TAAGTCGCCGAGTATC-1,
TAATAGAACAGAGTTA-1,
TAATAGGTCACCAGAA-1,
TAATAGTGACGACCAG-1,
TACAACGCACAACTCA-1,
TACAAGTCTCGTGCAT-1,
TACATAGGCATACACC-1,
TACATCCCTATCCCTG-1,
TACATTTCTAACGTGC-1,
TACCGCGGACTTGCAG-1,
TACCGGCTCACTGCCC-1,8
TACCGGTCGTTTCCAT-1,
TACCGTGCCTCGGACC-1,
TACCTGCTGCACTGTG-1,
TACCTTAAGATTTCCC-1,4
TACGAACACGACTTCA-1,
TACGACGCTTGCTGCG-1,
TACGACTGCCTCTTAG-1,
TACGAGAACTTCACGT-1,
TACGATGTTGATCATC-1,
TACGCAGTTCTTTCCT-1,
TACGCCATATTCTAAT-1,
TACGTTTACCGGCAAT-1,
TACTCGGCACGCCGGG-1,6
TACTGGACAGCTCGGC-1,
TACTTGTTAGTAGTCC-1,
TACTTTACTGAGCCGG-1,
TACTTTCCGCACGCCA-1,5
TAGAAAGGTGGCGCTA-1,
TAGACGCCCGTACCGG-1,
TAGAGATCATGCAACT-1,
TAGAGTCTAAGCGAAC-1,
TAGATTCCTGGTTATT-1,
TAGCAACCTGTCACAA-1,
TAGCCATTTCAAAGTC-1,
TAGCCGGCGGTCAGCG-1,
TAGCGTTGGGTCTTAC-1,9
TAGCTAAGTCCGGGAG-1,
TAGCTGATGTGAAGCG-1,
TAGGGAGCTTGGGATG-1,
TAGGTCCAAGTAAGGA-1,
TAGGTGAGCCCTACTC-1,
TAGGTGCTCGCCTAGC-1,
TAGGTTCGAGTTCGTC-1,9
TAGTCCGCAGAGAATG-1,
TAGTCTAACAACGAGA-1,
TAGTGCCCTCCAGAGT-1,
TATAGATGGTCGCAGT-1,
TATAGGGTACTCATGA-1,
TATATCCCTGGGAGGA-1,
TATCCATCTCGGTTAG-1,
TATCTACAGAGGTAAT-1,14
TATCTACCACAGCGGG-1,
TATCTAGCCTAAAGGA-1,
TATCTTGCAATACAAC-1,
TATGAAGACAGGTGCG-1,
TATGGATGTGCTACGC-1,
TATGGCCCGGCCTCGC-1,
TATGGGACCGAGCAGG-1,
TATGGGTACGTATCGT-1,
TATGGTCTGAGTAACA-1,
TATGGTTAGTGGGAGA-1,
TATGTCTCATTGTGCC-1,
TATTACCATCCTGCTT-1,
TATTATGTTTGCCTGC-1,
TATTCAATTCTAATCC-1,9
TATTCCACTCAGCTCG-1,
TATTCCTCCGCCCACT-1,
TATTCGTGCCAGAATA-1,12
TCAAACTTAGATTGTT-1,11
TCAACAAAGATAATTC-1,
TCAACATCGACCGAGA-1,
TCAACCATGTTCGGGC-1,
TCAACGAGGAGACAAA-1,
TCAACGCAGGAAATAA-1,
TCAACGCGACCGGCAG-1,2
TCAACTAACGTATAAC-1,
TCACAGGGAATCGCAA-1,
TCACAGGTTATTGGGC-1,
TCACATCTTATCTGAT-1,
TCACCCTCTTAAGATT-1,
TCACCGCTCGGCACTC-1,
TCACGATGTCCGTGGA-1,
TCACGCATTGTAGATC-1,
TCACGTGCCCGATTCA-1,
TCAGACGCTATAGAAG-1,
TCAGCAAATGCATCTC-1,9
TCAGGGTGTAACGTAA-1,
TCAGGTTCTTTGAGAA-1,
TCAGTACTGACCCGCG-1,
TCAGTAGGGACTATAA-1,
TCATACTTACAGATCC-1,
TCATCGATGGTCCCAA-1,
TCATTTAAGTCTCCGA-1,
TCCAACTTTAAATTCT-1,17
TCCACAATGGTTTACG-1,
TCCACTTTATCTAGGT-1,
TCCAGAGCACCGGTTC-1,9
TCCAGGCGAGTACGGT-1,
TCCCAAAGACGAAGGA-1,
TCCCAGCTTTAGTCTG-1,
TCCCAGGCTTAGCTAA-1,
TCCCGCGTACTCCTGG-1,
TCCCGGGTGTGCTGCT-1,
TCCCGTGTGCAATTTG-1,
TCCCTGGCGTATTAAC-1,
TCCCTGGCTCGCTGGA-1,
TCCGAACTTGGCTTAC-1,
TCCGATGGTGCGACAT-1,
TCCGATTACATTGCCG-1,
TCCGCGGCAGCATCTG-1,
TCCGCTGTCATCCCGG-1,
TCCGCTTATCCCATTA-1,8
TCCGTTTAGCCTTGAA-1,
TCCTACATCCACGGCC-1,
TCCTAGCAAAGAAGCT-1,
TCCTCCTAAGACATTC-1,
TCCTCGGGCTGGGCTT-1,10
TCCTCTACGAGATGGC-1,
TCCTCTCCAGTTGTCC-1,14
TCCTGCGTTGATACTC-1,
TCCTTTCTTACGCTTA-1,11
TCGAAATTTAGGACCA-1,
TCGAAGAACCGAGCAC-1,
TCGACAACTGAACCCG-1,
TCGAGACCAACACCGT-1,
TCGCAAAGATGCATTT-1,
TCGCCGAAGTTGCGTC-1,
TCGCGTCCAGAAGGTC-1,
TCGCTCGATATATTCC-1,
TCGCTGGGCGGATTGT-1,
TCGGAATGCGCTCTGA-1,
TCGGACGCCCAGCCCA-1,
TCGGAGAGTATCGGGA-1,
TCGGAGTACATGAGTA-1,9
TCGGCGTACTGCACAA-1,
TCGGGATTCAAACATA-1,
TCGGGCCGTCGTGGTA-1,
TCGGTCCCGACAATAG-1,
TCGTAAGACGACATTG-1,
TCGTATTACCCATTGC-1,2
TCGTCACACTGTTAGC-1,
TCGTGTACTATGGATG-1,
TCGTGTCACGCTGACA-1,
TCTAATACTGCCTCAG-1,7
TCTACCGTCCACAAGC-1,
TCTAGCAATCTCCGCC-1,
TCTAGCATGCCCAGAA-1,8
TCTAGTGATATCGTGG-1,
TCTAGTTATCAGAAGA-1,
TCTATTACTAGAGGAT-1,13
TCTGAATTCCGTACAA-1,
TCTGCCAGAAACTGCA-1,10
TCTGGGAACCTTTGAA-1,
TCTGGGTAGCGCTCAT-1,
TCTGTGCCATCATAGT-1,
TCTGTTACCCAGCATA-1,
TCTTACGGCATCCGAC-1,
TCTTACTTATGCCTCT-1,
TCTTAGAGTGAACTCT-1,
TCTTCCCATGGGCACA-1,
TCTTCGAATAGACGTT-1,9
TCTTCGATACCAATAA-1,9
TCTTGATGCGTAGCGA-1,9
TCTTTAAGACTATGAA-1,
TGAAAGGACCTGACTC-1,
TGACATCGAGCGGACC-1,
TGACCCACGTTAGACA-1,16
TGACGAATATTTCCCT-1,
TGACGATGCACTAGAA-1,
TGACTATAATCCTTTC-1,8
TGAGAGATTTACCACG-1,
TGAGCCATACAGTCTC-1,
TGAGTAAATTAGCGTA-1,
TGAGTGCCTCTTAAAT-1,
TGAGTGGTCCGTGACG-1,
TGATCAGGGAACTGCT-1,2
TGATCGGTTTGACCCT-1,
TGATCTCCGGCGCCAG-1,
TGATTCGTCTATCACT-1,
TGATTCTGTCGCCGGT-1,
TGATTTATTAGCTGTG-1,
TGCAAGAATGACGTAA-1,
TGCAGAACTATATCGT-1,
TGCAGAGTACCGAGCA-1,
TGCAGATCGTCCTAGG-1,13
TGCAGCTACGTACTTC-1,13
TGCAGTTTCCTCCCAT-1,
TGCATATGTCTGTCAC-1,
TGCATGTGGTAATCTA-1,
TGCCAAAGTCAGACTT-1,
TGCCAGTACGTGGAGA-1,8
TGCCCGTACCGTTAAA-1,
TGCGAATATGGGATTT-1,
TGCGACACCCTAGTGC-1,
TGCGAGAATATTACCC-1,
TGCGCAAAGCATTTGG-1,11
TGCGCGATTAACGGAG-1,
TGCGTAAGAACCTGAT-1,
TGCGTCATGACTGAGC-1,
TGCGTTTGTTGACACT-1,
TGCTCCACAGTTCTTA-1,
TGCTGTTGAAGAACTC-1,
TGGAAGAAGGGAACGT-1,
TGGAATTAGACGCTTT-1,
TGGACGCAATCCAGCC-1,1
TGGACTGTTCGCTCAA-1,9
TGGAGTGATGCGATGA-1,
TGGCAGATTACGATCA-1,
TGGCAGCAGTAATAGT-1,
TGGCCAAACTGAAGTA-1,
TGGCCAATTTGGTACT-1,
TGGCCGTATATTGACC-1,
TGGCTCTTGTCGCGTA-1,13
TGGGAAATGCCTTTCC-1,
TGGTAAGCAGGATTGA-1,
TGGTCTGTTGGGCGTA-1,
TGGTTCAACGGGTAAT-1,
TGTAATGACCACAATA-1,
TGTACGAACAAATCCG-1,
TGTAGGAGAAATTTCC-1,
TGTAGTGATCTATAAT-1,
TGTATAACAGATCCTG-1,
TGTATGGCGCAGACAG-1,
TGTCCGTGGCGCCTTT-1,
TGTCCTAAGTCACCGC-1,
TGTGCTTTACGTAAGA-1,
TGTGGCAAAGCGTATG-1,
TGTGTTCGTATCCAAG-1,14
TGTTATTGTATGTGGC-1,
TGTTCCGCTTCCATGA-1,16
TGTTCGTATTGCGGTG-1,8
TGTTCTTCCATTGACT-1,16
TTAAACTCGAATTCAT-1,
TTAACACCTCGAACAT-1,
TTAACTTCAGGTAGGA-1,
TTAAGATAGGATTGAC-1,
TTAAGCGCCTGACCCA-1,
TTAAGGCCCGTACTTT-1,
TTAATGTAGACCAGGT-1,11
TTACATGCCACAACTA-1,
TTACCATTGATTACCC-1,
TTACCCTAACAGTCCT-1,
TTACGGATGGTTCGAG-1,
TTACTAAAGGACTTTA-1,
TTACTATCGGCTTCTC-1,
TTACTCCGGCCGGGAA-1,
TTACTCTGGTACGTAC-1,
TTACTGGGATATTTCA-1,
TTAGAGTTTAGAAGGA-1,
TTAGCTCTGTAATCCG-1,
TTAGCTGATTTGCCGT-1,
TTAGTAGGGCGGCGGG-1,
TTATATACGCTGTCAC-1,9
TTATATTTGGCAATCC-1,
TTATCCTCAAGGAATA-1,2
TTATCGCCTGCGAAGC-1,
TTATGAATGAAAGGGA-1,
TTATGACAAACTGGAT-1,
TTATGATCTTAACGAA-1,
TTATGTTTGCGATAGA-1,
TTATTAGAGCGTGTTC-1,
TTCAAAGTCTCTAGCC-1,9
TTCAATACTCTGAATC-1,
TTCACGAAAGGATCAC-1,
TTCAGGCGTCAAAGCC-1,
TTCCAATCTGGCTATC-1,
TTCCCGGCGCCAATAG-1,
TTCCGCGTGAGGCGAT-1,
TTCCGGTTACCCACTT-1,
TTCCTCTGCCCGAATA-1,6
TTCGACAGAGCCCGTG-1,
TTCGCACTCGCGTGCT-1,
TTCGGGACTAATCGCG-1,9
TTCGTACTCCAGAACG-1,
TTCTAACCGAAGCTTA-1,
TTCTGCCGCGCCTAGA-1,8
TTCTGCGAGCGCCCTT-1,6
TTCTGCGGGTTAGCGG-1,10
TTCTTGAGCCGCGCTA-1,
TTCTTGGACGATCTGC-1,
TTGAAGAATTCCCAGG-1,
TTGAATATGGACTTTC-1,9
TTGAATTCACGTGAGG-1,
TTGACATGAACGTGGA-1,
TTGACCGTGTTAATGA-1,
TTGACGCTCCATGAGC-1,
TTGACTACCATATGGT-1,
TTGAGAGTACTGCTAA-1,
TTGATCTAACTTTGTC-1,
TTGATTAGCTGTTTCT-1,
TTGATTATGCAGATGA-1,
TTGCACAATTCAGAAA-1,
TTGCATGCTGATCACG-1,
TTGCCATAGCCCGCTC-1,3
TTGCCCTGATCACGGG-1,
TTGCCGCAGACCTACA-1,
TTGCGTAGTTTGAGGA-1,
TTGCTGATCATGTTCG-1,
TTGCTGCACCTATCCA-1,
TTGGAAGAATACAGTC-1,4
TTGGACATGTGGCTTA-1,15
TTGGATATCGTCTACG-1,
TTGGGACACTGCCCGC-1,
TTGGGCGGCGGTTGCC-1,10
TTGGTCACACTCGTAA-1,
TTGGTTGCGGTGCGCG-1,3
TTGTAAGGACCTAAGT-1,
TTGTAAGGCCAGTTGG-1,
TTGTAATCCGTACTCG-1,
TTGTGAGGCATGACGC-1,
TTGTGGTAGGAGGGAT-1,4
TTGTTGTGTGTCAAGA-1,10
TTGTTTCCATACAACT-1,
