Barcode,Keratinocyte subclass
AAACCGTTCGTCCAGG-1,
AAACTGCTGGCTCCAA-1,
AAAGGCTACGGACCAT-1,hyperproliferative
AAAGGCTCTCGCGCCG-1,
AAATACCTATAAGCAT-1,
AAATAGGGTGCTATTG-1,
AAATCGTGTACCACAA-1,
AACAATACATTGTCGA-1,
AACATTGTGACTCGAG-1,
AACCCGACAACCCGTG-1,
AACCTTTAAATACGGT-1,
AACGATAATGCCGTAG-1,
AACGGCCATCTCCGGT-1,Spongiosis
AACGTACTGTGGGTAC-1,
AACTAGGCTTGGGTGT-1,
AACTCTCAGTGTGCTC-1,
AAGACCCAACTGAACA-1,hyperproliferative
AAGATGGCACCGGACC-1,
AAGCATACTCTCCTGA-1,
AAGCGTCCCTCATCGA-1,Spongiosis
AAGCTAGATCGAGTAA-1,
AAGCTCTTTCATGGTG-1,
AAGTGAGTCGGGTTTA-1,hyperproliferative
AAGTGTTTGGAGACGG-1,
AATAACACTAGAACAA-1,non-proliferative
AATAGAACAGAGTGGC-1,
AATAGTCCGTCCCGAC-1,
AATGACGTAGGATGTC-1,
AATTAAAGGTCGGCGT-1,
AATTAACGGATTTCCA-1,
AATTAGCGCTGCAGCG-1,
AATTCTAGAGTTAGGC-1,
ACAAATCGCACCGAAT-1,
ACAAGGAAATCCGCCC-1,
ACAAGGGCAGGCTCTG-1,
ACACTGATCAAGGTGT-1,
ACAGGTGGAGGTGAGG-1,non-proliferative
ACATCCCGGCCATACG-1,
ACATCGATCGTTTACC-1,
ACATTAGTTTATATCC-1,
ACCAACGCTTATTTAT-1,
ACCAATATGCAAGTTA-1,
ACCACGTGCAGCTATA-1,
ACCATCGTATATGGTA-1,Spongiosis
ACCCGGAAACTCCCAG-1,
ACCCGGTTACACTTCC-1,
ACCCGTGTCATCAGTA-1,
ACCCTATGCCATATCG-1,hyperproliferative
ACCGACACATCTCCCA-1,
ACCGCAATAACTGCCT-1,
ACCGTGACCACGTGGG-1,
ACGCAAACTAATAGAT-1,
ACGCCGCTAGACGACC-1,
ACGCGAAGTCAGACGA-1,
ACGGATGGTGCGGATA-1,
ACGGCACTTGCTTGGG-1,
ACGGCCAACATGGACT-1,
ACGGCGACGATGGGAA-1,
ACGTTAATGTCGAAGA-1,
ACGTTCGTTCAGGAAA-1,hyperproliferative
ACTACGCGTTAGAATT-1,hyperproliferative
ACTATTTCCGGGCCCA-1,hyperproliferative
ACTCCCTAATGCTAAA-1,
ACTCCCTAGAATAGTA-1,
ACTTCAGGCTGATCCC-1,
ACTTGACTCCCTCTTT-1,
AGAAGGTTGCCGAATT-1,
AGACCCACCGCTGATC-1,
AGACGACGATGCCGCT-1,
AGACTGTTACCGGGTC-1,
AGAGAAGGAGTACAAT-1,
AGCACTACCTCACCAG-1,
AGCAGCCAGATGAATA-1,
AGCCCGGTAGCCTGTA-1,hyperproliferative
AGCGACAGGAACGGTC-1,Spongiosis
AGCGCATAATGAATCG-1,
AGCGGACACTTCGTAG-1,
AGCGTGGTATTCTACT-1,
AGCTCTTTACTCAGTT-1,
AGGAAGCTGTCCGCCG-1,
AGGACGACCCATTAGA-1,
AGGATAAAGTCGGGAT-1,
AGGCAGGGAGCGTACT-1,hyperproliferative
AGGCTTCCCGAAGAAG-1,
AGGGACTCTACGCGAC-1,
AGGTGGTGACCTTCGC-1,
AGGTTTCACACACCTT-1,
AGTATACACAGCGACA-1,
AGTATTTGGCACGACC-1,
AGTCAACACCACCATC-1,
AGTGACCTACTTTACG-1,
AGTGATATGAGTAGTT-1,
AGTGCGTAGCTCGTAA-1,
AGTTAAACACTTGCGA-1,
AGTTCCTATTTATGTT-1,
ATAAACGGACCCGTAA-1,
ATAAGGTGGAGAACAT-1,
ATAAGTTACCGCGACG-1,
ATAATAGCTGTTGAAT-1,
ATACAGGCCCTCCAAT-1,
ATACCTAACCAAGAAA-1,
ATACGTACTTAGCCAC-1,
ATAGTGAAGCGTTCTC-1,
ATATAAAGCGCTCGTG-1,
ATATAAATGTAGCTGC-1,
ATATTCAGTTAAACCT-1,Spongiosis
ATATTCCACATAGTGA-1,
ATCACGTGCTAATTAA-1,
ATCAGACGGCACGCCG-1,
ATCATCCAATATTTGT-1,
ATCCAGAGCAACAACC-1,
ATCCAGGATTCGTGAA-1,
ATCCTACCTAAGCTCT-1,
ATCCTGCGTGGAATGG-1,
ATCGACCCAATACAGA-1,
ATCGGAGACAGACGGC-1,
ATCTAATATCCTACGG-1,
ATCTGACATGGAAGGA-1,
ATGACTATCAGCTGTG-1,
ATGATGCAATGGTACA-1,
ATGTGGACATCTTGAT-1,
ATGTTGTAGTCTGTTT-1,
ATTAAACATGCGGACC-1,
ATTATTATGTCCGTCA-1,
ATTCACTGATGTTGGA-1,
ATTCATATACTGTCCA-1,
ATTTCCGGGTTCTGCG-1,Spongiosis
CAAACGAGTATCGCAG-1,hyperproliferative
CAAATGTCCTTCCGTG-1,
CAACTGCTCATCCGAT-1,hyperproliferative
CAAGAGGGCGGAGTAC-1,
CAAGCGGCACATAATT-1,
CAAGGATCGCATGTTC-1,
CAATATTCTTGACCTA-1,
CAATGCGAGAAGTATC-1,
CACAATGAGCTGCTAT-1,
CACAGGGCCGTTGTCA-1,
CACATATTAGCAGGAT-1,
CACATCGTGCACGCGC-1,
CACCCGGTTTGTGACT-1,non-proliferative
CACCCTAACAAGATCT-1,
CACCGTTAGGGATCAC-1,non-proliferative
CACGTCGGCAACCTCT-1,Spongiosis
CACTCCTATGTAAGAT-1,Spongiosis
CACTCGAGCTGAACAA-1,
CACTGACGATTGTGGA-1,
CAGAACTTAGCCCTCT-1,
CAGACACCGATCGCTG-1,
CAGACGAACCTGATAC-1,
CAGAGACGGTCACCCA-1,
CAGAGGCGATGCATGA-1,
CAGCGATTCCCTTCAA-1,
CAGGATATATCGTTGT-1,
CAGGCGCCATGCTAGG-1,
CAGTCTGTATACTGGG-1,
CATACACGGTTCCCAC-1,
CATACGGCGTCTGGGC-1,
CATAGCGTTGCCCACC-1,
CATATAGGTACAGTCA-1,
CATCGGACGGGTTAAT-1,
CATGGGTATGCCTTAT-1,
CATGGTAAGTAGCGTT-1,
CATTTGAGTGGTACGT-1,
CCAAGAAAGTGGGCGA-1,
CCACCAACTTTACTGT-1,non-proliferative
CCAGAAAGCAACTCAT-1,Spongiosis
CCAGTCTTGTCATAGA-1,
CCATCGCAGTTAAACT-1,
CCATTTCTACCTATTA-1,
CCCAATGAGATTTGCA-1,
CCCGCAGCGCGAACTA-1,
CCCGTAGCTGGGAAGA-1,
CCCTTTGACAGGTCTT-1,
CCGAACCTTCCCGGCC-1,
CCGCATGTGGTACGAT-1,
CCGCGGAATGCGTCAC-1,
CCGCTATCAGCACCAG-1,
CCGGAGCGTACTTTCT-1,hyperproliferative
CCGGTTTGTAATTGTG-1,hyperproliferative
CCGTGTTAAATTCCAT-1,
CCTAAATTAACGGTTC-1,
CCTATAATGAGTGCCC-1,
CCTATACCGTCCTGTC-1,
CCTATATTTGTCCTGG-1,hyperproliferative
CCTCGCGCTGTGCGAT-1,
CCTCTGTACTATTCTA-1,
CCTGACCACCGATGGT-1,
CCTGGTCGAATGTGGG-1,
CCTTCAGTTAAAGTGA-1,
CCTTTAAGGGAGCACT-1,
CGAACCCGCATGCGTC-1,
CGAATGACGCATAATG-1,
CGAGACCCTAGAGTGT-1,
CGATACCTCGCGGACA-1,
CGATTAAATATCTCCT-1,
CGATTCGCCTGGCTGC-1,
CGCATGGTGCGATGCT-1,
CGCCCAGCACGCCTAG-1,hyperproliferative
CGCCTCCCTCCTCTAT-1,
CGCGCATGTTTGATTG-1,
CGCTGTGTGGATGTTG-1,hyperproliferative
CGGAAAGAATCAAACG-1,hyperproliferative
CGGAACGTAAACATAG-1,hyperproliferative
CGGAGCAATTTAATCG-1,
CGGAGCATGGCGATCC-1,
CGGCAAACATCGTGCG-1,
CGGGAATTTATGTAAA-1,
CGGGCCTTCTTTGTAA-1,
CGGTCCGTCGCAAGCC-1,hyperproliferative
CGGTGCGCGTTGGTCC-1,
CGTCACGTCCATTGGT-1,
CGTCGTCCTTCGCGAA-1,
CGTGAAGTTAATTCAC-1,
CGTGACCAGTCCTCTG-1,hyperproliferative
CGTGCAGACTGGGACA-1,
CGTGCCCTCCCGAAGA-1,
CGTGGTACCCAAAGGC-1,
CGTTGAGCGACCGTCG-1,
CGTTGCCCGCGTGGGA-1,
CGTTTGTGTAGAGGGT-1,
CTAAAGGGAAATAGGA-1,
CTAACTGGTCCGGTTC-1,Spongiosis
CTAAGGGAATGATTGG-1,
CTACAAGAAATAACCC-1,
CTACTCAAGGTATAGT-1,
CTAGATTTACGACGGC-1,
CTAGGTTCGGACGTGA-1,
CTAGTTACAACCCGGT-1,
CTATAGGCGTTGATGT-1,
CTATGCCCGAATGCAA-1,
CTATTCATGTGTCCCA-1,
CTCAAACCACTGCCCG-1,
CTCCGCCCACATGAGG-1,
CTCCTCCAGCTCACAC-1,hyperproliferative
CTCGCCGAATGTAGGG-1,
CTCTATTTGGCTGCAG-1,
CTCTTCTGGAAGTTAG-1,
CTCTTGTCCCGCTTGG-1,
CTGAATCCGAGACCTC-1,
CTGCACAACTACATAT-1,
CTGCACTCCAGTACAG-1,
CTGCCATGCATCACAT-1,
CTGCTGAGGCCACGAA-1,
CTGCTTGGCGATAGCT-1,
CTGGATTTACACTTGA-1,
CTGGCTGGTTGTCAGT-1,
CTGTAGCCATCTCACT-1,hyperproliferative
CTGTGCAGGGTAGGTC-1,
CTGTTACCCAATCTAG-1,
CTTCCGCTCCGTGAAG-1,hyperproliferative
CTTCGTAGATAGGTGA-1,
CTTCTATTAATGCTAG-1,
CTTGCCCAGGCTCTAC-1,
CTTGGCCAAGCTGGGA-1,
CTTGTCAACATTCGAG-1,
CTTTAATATTGGTCGA-1,
CTTTAGTGCTATTATT-1,
CTTTCTGTGCGGGCTT-1,
CTTTGGGATTGTTGCA-1,hyperproliferative
GAAACCGAATTACCTT-1,
GAAACCTATACAAATG-1,
GAAAGCAGTGCACTTT-1,hyperproliferative
GAAATTGTCTCTATAA-1,
GAACAGATTACTAAAT-1,
GAACCCTCTGTGTTCT-1,
GAAGCCTGCACATTCC-1,
GAAGTCAGTTGCACTA-1,
GAAGTGATTTATCGTG-1,
GAATAGTGCTCGATTA-1,
GAATCTGAACATTCTC-1,
GAATTCACCCGGGTGT-1,
GACACTGAGTTCAGTG-1,
GACATCGATTTATAAC-1,
GACCGTGCTGACGGTG-1,
GACGACGATCCGCGTT-1,
GACGCCGTAAAGGCTA-1,
GACGGGTTGGCCCGTA-1,
GACTGCACCAGCCCAG-1,
GAGACTTCGCGACCGA-1,
GAGATCTTCCATGACA-1,
GAGATGGGAGTCGACA-1,
GAGGGAGTCAGATCGC-1,
GAGTAGATACTAGTTG-1,
GAGTATGCCCGCCTTG-1,
GAGTCAGACCAGAATC-1,hyperproliferative
GAGTCCGCTTACCGGA-1,
GATACGATGGGAGTCA-1,
GATAGGTAACGTTGAC-1,
GATCCGGGAATTAACA-1,
GATCGTGACTGATATC-1,
GATCTGCTATCTAAGG-1,
GATCTTGGAGGGCATA-1,
GATGCTGTATTTCATC-1,
GATGTTCAATCCACGA-1,
GATTCGACGGTTCACG-1,
GCAAACCTTGGCCATA-1,
GCACGCCTACTTAGAT-1,
GCCACAATTTAAGGAC-1,
GCCATCGAGCTGCGTG-1,
GCCCGATCTGTGGTCG-1,
GCCCGCGCGTAAACGG-1,
GCCGATTGGCCAAGCT-1,
GCCGGGTTAGGGTCGC-1,
GCCTCTATACATAGCA-1,
GCGACGATAGTTGTAC-1,
GCGCCGTTCCACGATA-1,
GCGCTATGCCGAGGCA-1,
GCGGACCGCGTTGTGG-1,
GCGGAGAAACTTCGCA-1,
GCGGAGAGGGAGAACG-1,
GCGGGCGAGCCTTACC-1,
GCGGTTCCCTATCATG-1,hyperproliferative
GCGTCCCTAAGACATA-1,
GCGTCGCCAGGGTGAT-1,
GCTACGACTTATTGGG-1,
GCTAGCTTGAATAGCT-1,
GCTAGGCACCACGGAG-1,
GCTAGTAGAGCTTGTA-1,
GCTATCATACTCATGG-1,
GCTCAATCCGTTTATT-1,Spongiosis
GCTCAATGTAATACCG-1,
GCTCTTTCCGCTAGTG-1,
GCTGAGGCGTGAGTAT-1,
GCTGCACGGTTTCTTA-1,
GCTGCTAAGTAGTCGA-1,
GCTGCTACTGCGTAGC-1,
GCTGGCGGCGCATGCT-1,
GCTGTATTACTGGCCC-1,
GGAACCGTGTAAATTG-1,hyperproliferative
GGACCAACAGGATAAC-1,
GGAGACGACACCTTTG-1,
GGCAAAGGCGCCAATA-1,Spongiosis
GGCAAATTACTTTACT-1,
GGCAAGGCGAAATAGC-1,
GGCCGTTTGGGTTTCA-1,hyperproliferative
GGCGCATGAATTGATG-1,
GGCGCGTTCGAGTTTA-1,
GGCTACTATACACTCC-1,
GGCTCCTCCACCTGTT-1,
GGCTGAAATAGCAAAG-1,
GGCTTTCAATAAGGGT-1,
GGGACCCGTATATCTT-1,hyperproliferative
GGGATGGTCGTAACCG-1,
GGGCAGAGCAATCGTT-1,
GGGCCCGTCTTAAACA-1,
GGGCGGCAAATGAATT-1,
GGGCGTCACCACGTAA-1,
GGGCTATGATCGATGG-1,hyperproliferative
GGGTGACACCTTAACT-1,
GGGTTAACATTTGAGT-1,
GGTACAAACATGCTAT-1,
GGTAGAAGACCGCCTG-1,
GGTAGACCGTTGGGCG-1,
GGTCAGTGGGTCCCAC-1,
GGTCGGTCGTCCACAG-1,hyperproliferative
GGTCTCTGAATGGACT-1,
GGTGAAGTACAGGGAT-1,
GGTGCTGGTACACATT-1,
GGTGGACTGCTCTGGC-1,
GGTTTAATTACCATCG-1,
GTAACTGCCCAAGGAG-1,
GTAATCTGATTCTTCG-1,
GTACGCTTCATTGCAC-1,
GTACGTTTGCCCGTCA-1,
GTAGCCAAACATGGGA-1,
GTAGCGGCTATACACT-1,
GTAGTCGCGGGAATCA-1,
GTATCTTTCATAACCA-1,
GTATTCTGAGAAACGA-1,Spongiosis
GTCCAATATTTAGCCT-1,
GTCGCCGTTGTGTGTT-1,
GTCGCGTAACCCGTTG-1,
GTCGGGAAGCAGAAAC-1,
GTCGTACCATCTCGGG-1,
GTCGTTATTCGCTTAT-1,
GTCTATCTGAGTTTCT-1,Spongiosis
GTCTCAAGGCCCGGCT-1,
GTCTGGGCGGTCGAGA-1,
GTGACTTCAGTAGTGC-1,
GTGAGTGGTACAACGC-1,
GTGATCATAGATCTGC-1,
GTGATTCGCCGCTCAA-1,
GTGCCGCTTCAAAGGT-1,
GTGCGAAATCGAACAC-1,
GTGGACGCATTTGTCC-1,
GTGGAGTCGGCGGTTG-1,non-proliferative
GTGGTATAGTCTGCCG-1,hyperproliferative
GTGGTGGCCAAGTGAA-1,
GTGTCGTATAGCGTTC-1,
GTGTTACTATGCGTCC-1,
GTTAACATCACTTAAA-1,
GTTACCTACAACTTGC-1,
GTTACTTTGGGCCTAG-1,
GTTATATTATCTCCCT-1,
GTTGAACCGGTTCCAT-1,
GTTGAGTCCCGCCGGT-1,
GTTGGTCATGCTATCC-1,
GTTTACGTTCCATCTG-1,
GTTTCTGCAGTCTCCC-1,
GTTTGGGCTTGTGAGC-1,
GTTTGGTAGGGTCAAC-1,
TAAACCCAGGAGGGCA-1,Spongiosis
TAAAGCGGTATTTCCA-1,hyperproliferative
TAACATACAATGTGGG-1,
TAACTCATCCGCGCGG-1,
TAAGGCATAACATCAA-1,
TAAGTAACATCTTGAC-1,Spongiosis
TAATAGAACAGAGTTA-1,Spongiosis
TACAACGCACAACTCA-1,
TACATAGGCATACACC-1,
TACCAAATAGCCCAGA-1,
TACCAATAAAGTACCA-1,
TACCAGAAGTAGGTTC-1,
TACCGGCTCACTGCCC-1,
TACCGTAGGTTAACTA-1,
TACCGTGCCTCGGACC-1,
TACCTACTCCCAGTAT-1,
TACCTCAGTTGTCTGT-1,hyperproliferative
TACGACGCTTGCTGCG-1,
TACGACTGCCTCTTAG-1,
TACGCAGTTCTTTCCT-1,
TACGCCATATTCTAAT-1,
TACGCCGAGGGTACCC-1,Spongiosis
TACGCCTCCATTCCGA-1,
TACGTACTAGTGCTGA-1,
TACTATGGTTCCTCAG-1,
TACTCTTTCGTCTTCA-1,hyperproliferative
TACTGAACAGATTTAG-1,hyperproliferative
TAGATATGGACTGGAA-1,
TAGCGTCCGGTGTGGT-1,
TAGCGTTGGGTCTTAC-1,
TAGCTAGAAGGCATGA-1,
TAGCTAGTGATGATGG-1,hyperproliferative
TAGCTCGCCTGATAAC-1,
TAGGTGTTCCACAGAT-1,
TAGTAGCTTATACCAG-1,hyperproliferative
TATACACAGACGCCTT-1,
TATACGCGTCATCACT-1,
TATAGAGTCGCTTGAA-1,
TATCCAATTGGTTATC-1,
TATCCGCACCGTCGGG-1,hyperproliferative
TATCTACCACAGCGGG-1,
TATGTAAAGTGCTTAA-1,
TATTAACCTGACCGCG-1,
TATTCCACTCAGCTCG-1,
TCAACATAGCGCCCTA-1,hyperproliferative
TCAACGAGGAGACAAA-1,
TCACAGCAAACTCGAA-1,
TCACAGGAGAATAAGA-1,
TCACAGGGAATCGCAA-1,
TCACCCTCTTAAGATT-1,
TCAGACGCTATAGAAG-1,
TCAGCAGTAGGCCCTG-1,
TCAGTAGGGACTATAA-1,hyperproliferative
TCAGTGTATACGTCAT-1,Spongiosis
TCCAATAAAGGCTACC-1,hyperproliferative
TCCACCTCTAGCCTTT-1,hyperproliferative
TCCAGAGCACCGGTTC-1,
TCCAGGGTATATACGA-1,
TCCGCCTGTCTACAAG-1,
TCCGCTGTCATCCCGG-1,
TCCGCTTATCCCATTA-1,
TCCGGTTCGTCCGGTC-1,
TCCTAAATTGGGAAGC-1,
TCCTAACCGTCGGGCA-1,hyperproliferative
TCCTAGCAAAGAAGCT-1,Spongiosis
TCGAGCCAGGCAGGCC-1,
TCGCAAAGATGCATTT-1,
TCGCACCAGGAGGCAG-1,
TCGCCGAAGTTGCGTC-1,
TCGTCAAGTACGCGCA-1,
TCGTCTTAGGCGTTAA-1,
TCGTGTACTATGGATG-1,
TCGTTAGGAGTCCCTA-1,
TCGTTGCTATCCGGTC-1,
TCTAGCATGCCCAGAA-1,
TCTCCCTGGGCAGCGT-1,
TCTCTTACCGCGAACC-1,
TCTGAAGCACGTGGTC-1,
TCTGATGTATTCTGTC-1,
TCTGTTACCCAGCATA-1,Spongiosis
TCTTCGAATAGACGTT-1,
TGACTATAATCCTTTC-1,
TGAGCGGAAAGTGTTC-1,
TGAGGAGTGCCAGCTT-1,
TGAGTAAATTAGCGTA-1,
TGAGTGCCTCTTAAAT-1,Spongiosis
TGATACATTTAGCCGT-1,
TGATTCCCGGTTACCT-1,
TGATTCTGTCGCCGGT-1,
TGCCAATGGGTACTCT-1,
TGCCAGTACGTGGAGA-1,
TGCCCGTACCGTTAAA-1,
TGCCGTGGATCGTCCT-1,
TGCCTTGGCCAGGCAA-1,
TGCGACACCCTAGTGC-1,hyperproliferative
TGCGAGAATATTACCC-1,non-proliferative
TGCGTAAGAACCTGAT-1,
TGCGTTTGTTGACACT-1,
TGCTCGGCGAAACCCA-1,
TGGACTGTTCGCTCAA-1,
TGGCAAACTAAATTAC-1,
TGGCAGATTACGATCA-1,
TGGCAGCAGTAATAGT-1,
TGGCGACTGCTCCAAA-1,
TGGCGATCAAGTTATG-1,
TGGTCCCACGCTACGG-1,
TGGTTCAACGGGTAAT-1,
TGTGAGACTAGCCCAA-1,
TGTGGTTGCTAAAGCT-1,
TGTTCGTATTGCGGTG-1,
TTACCCTAGGGATTGG-1,
TTACTAAAGGACTTTA-1,
TTACTGGGATATTTCA-1,
TTAGAAGAACATGACT-1,
TTAGAATAAGGGTCGG-1,hyperproliferative
TTAGACGAGTCACCTC-1,
TTAGGTCATAACCGAC-1,
TTATATACGCTGTCAC-1,
TTATGAATGAAAGGGA-1,
TTATTAGAGCGTGTTC-1,
TTCACTCGAGCACCTA-1,
TTCCAATCTGGCTATC-1,hyperproliferative
TTCCACACAGATTTGA-1,
TTCCGCGTGAGGCGAT-1,
TTCCGGCCTTGAGGCT-1,
TTCGACAGAGCCCGTG-1,
TTCGCACTGTACGACA-1,
TTCGCGCGCCATACGA-1,hyperproliferative
TTCGGGCGCTAGTCTT-1,
TTCTAGAAAGTCTTAT-1,
TTCTGACCGGGCTCAA-1,
TTCTGCCGCGCCTAGA-1,
TTCTTGAGCCGCGCTA-1,
TTGACTACCATATGGT-1,Spongiosis
TTGAGAGTACTGCTAA-1,
TTGCACAATTCAGAAA-1,
TTGCGGCATCAGAAAG-1,
TTGCGTCGGCCAACCG-1,
TTGGATATCGTCTACG-1,
TTGGTCACACTCGTAA-1,hyperproliferative
TTGTGTATGCCACCAA-1,
TTGTGTTTCCCGAAAG-1,
TTGTTTCACATCCAGG-1,hyperproliferative
