Barcode,granuloma
ACGCGGGCCAAGGACA-1,4
ACTTATTTATGTGCCA-1,5
AGGGTTTAGTTCGGGA-1,4
AGTCAAGATGACACTT-1,5
ATGACTATGCGACATT-1,5
CAAGAGGGCGGAGTAC-1,1
CAAGTGTGGTTGCAAA-1,2
CATGGTAAGTAGCGTT-1,1
CGAGTTTATCGGACTG-1,2
CGTTGAGCGACCGTCG-1,1
CTGGTTTCGAGCAAGA-1,5
CTTGAGTTAGGGTAAT-1,2
GAAACAGATGACCACC-1,2
GAGATCTTCCATGACA-1,1
GCTAGGCACCACGGAG-1,6
GCTGTTGCTACCGAAC-1,2
GGTGGACTGCTCTGGC-1,6
GGTTAGCTATATGTCT-1,5
GTACGCTTCATTGCAC-1,1
GTATGTGGGTCTAGTT-1,2
GTCCGGACCTGAAATT-1,6
GTCGTTATTCGCTTAT-1,1
GTGACCGCACACTACG-1,2
TACCAATAAAGTACCA-1,6
TATTCCGAGCTGTTAT-1,6
TATTCGTGCCAGAATA-1,4
TCTGAAGCACGTGGTC-1,6
TGCCCGTACCGTTAAA-1,1
TGGGCCCATACTAATT-1,5
TTAGCTGATTTGCCGT-1,2
TTAGTTATTCGTGGCA-1,5
TTGAGAAGTTTAGCAT-1,6
TTGGACCTATAACAGT-1,6
